,사업장명,지역(구)
0,J-PT,중랑구
1,메이크유 필라테스&PT,구로구
2,에스짐 양천구청점,양천구
3,테디짐PT 서초래미안,서초구
4,플레이스짐,은평구
5,3GYM,성동구
6,훈련소,강동구
7,조아Gym,노원구
8,위드핏,영등포구
9,원짐,용산구
10,클래시 휘트니스,서초구
11,파인드 미 피티 스튜디오,강북구
12,피티공간,강남구
13,엠오핏 PT&Pilates,양천구
14,(주)피기블라인더스,강남구
15,아워 피트니스(Our Fitness),관악구
16,비스코헬스케어,광진구
17,휘트니스피플 우먼 길동점,강동구
18,넥스트레벨피티,서초구
19,바디어필 PT 스튜디오,서초구
20,위크로스핏,서초구
21,핏플즈,서초구
22,에이제이짐,서초구
23,에이블짐,중랑구
24,리버스바디,서초구
25,다윗헬스클럽,강동구
26,올데이핏(Allday Fit),서초구
27,우아,강남구
28,박PT,서초구
29,피트니스 프렌즈,서초구
30,썬더짐,서초구
31,주식회사 블레스라이프 필라테스,서초구
32,짐앤피티,영등포구
33,이너멜핏,관악구
34,피트니스플랜비,마포구
35,바운드짐,관악구
36,힘듦,마포구
37,프롬 베이스먼트,동작구
38,마음가짐 P.T 1:1 Studio,강서구
39,내셔널짐 서초점,서초구
40,크로스핏 쓰리박스,강동구
41,픽스바디짐,은평구
42,모스트짐,성동구
43,체대입시FA,성북구
44,라인피트니스,양천구
45,와츠핏(What's fit),성동구
46,트리니코스,금천구
47,짐박스 피트니스,동작구
48,바르다짐,영등포구
49,헬스 Boy,송파구
50,마카롱 PT,서대문구
51,이너멜 피트니스,관악구
52,짐로드,강남구
53,콤마짐,중랑구
54,짐박스피트니스 낙성대점,관악구
55,베스트 트레이닝 스튜디오(BTS),송파구
56,리스펙짐,서초구
57,W gym,강남구
58,스포니스 약수점,중구
59,퍼플피플,중랑구
60,바디킥짐,강서구
61,머스트무브짐,송파구
62,브이업짐 발산점,강서구
63,테라피티 방이동점,송파구
64,브이업짐 마곡점,강서구
65,나의 체육관,동작구
66,라이프체인지 PT,강동구
67,워라밸피트니스 자양점,광진구
68,엠스트레이닝 2호점,구로구
69,무궁화체육관,강서구
70,one shop,중구
71,랩 지피티짐,중랑구
72,코어핏 PT&필라테스,중랑구
73,머슬뱅크짐,영등포구
74,엔짐 영등포점,영등포구
75,투에스짐,광진구
76,테디피트니스 문정점,송파구
77,소마앤바디,마포구
78,롱투짐,중구
79,Billion GYM(빌리언짐),영등포구
80,헬슐랭 피트니스,은평구
81,원(1)GYM,용산구
82,마곡PT아카데미,강서구
83,나아짐,강남구
84,나만의GYM,서초구
85,파운드짐 신림역점,관악구
86,바디클래스,관악구
87,업투 한티역점,강남구
88,KB국민은행 피트니스(신관),영등포구
89,HY트레이닝,강서구
90,포미짐,노원구
91,로얄짐3호점,마포구
92,핏인라이프,마포구
93,잼짐(GEM GYM),서초구
94,Must run 스피드 트레이닝 센터,광진구
95,로그짐 송파나루점,송파구
96,짐파티,강남구
97,프리빗 PT 스튜디오,중랑구
98,F45,성동구
99,빌리핏 PT 스튜디오,노원구
100,어반프라이빗짐,강남구
101,YOON GYM,강남구
102,헬스보이짐&필라걸 을지로점,중구
103,GOGO GYM,강동구
104,씰피티클럽,서대문구
105,업투 압구정로데오역점,강남구
106,코리안탑팀,영등포구
107,짐박스 피트니스,관악구
108,모티브,강서구
109,바른핏,용산구
110,휘트니스엠 수유점,강북구
111,Good Fit,강북구
112,(주)뷰티짐,노원구
113,네이쳐휘트니스클럽,영등포구
114,(주)부티짐,노원구
115,크로스핏 라이노,강서구
116,스포니스 방이점,송파구
117,베네짐,중구
118,피트니즈 자양점,광진구
119,피지오숲,관악구
120,마운틴짐,강서구
121,NX Fitness(엔엑스 피트니스),용산구
122,옐로우필라테스&PT,동대문구
123,크로스핏 바이브온,영등포구
124,Strength Museum,마포구
125,더 보스짐,금천구
126,우리짐 상도점,동작구
127,바디다짐,금천구
128,(주)에이블짐 불광지점,은평구
129,넘버원짐,은평구
130,바디랩PT 장안점,동대문구
131,비비짐(BB짐),동작구
132,바디톡,중랑구
133,착한휘트니스(신설동점),종로구
134,피트니스H,강동구
135,라고,송파구
136,demarq 상암SDS 피트니스센터,마포구
137,휘트니스엠 양재,강남구
138,퍼포먼스 피지오 트레이닝 센터(Perform Physio),송파구
139,진트짐,구로구
140,펜타핏 주식회사,서초구
141,온더휘트니스,영등포구
142,팀람다 트레이닝센터,서초구
143,더밸런스랩,동대문구
144,데일리짐&PT 구파발역,은평구
145,아프로 휘트니스,구로구
146,건국AMC The Classic 500,광진구
147,전자서울 R&D 피트니스센터,서초구
148,머슬마인드 구로디지털 본점,구로구
149,스마일 보이짐,성북구
150,고위드 피트니스,동작구
151,식스에이엠,용산구
152,로그짐 양재역점,강남구
153,MILO GYM,송파구
154,더블에스 휘트니스,중구
155,제이와이 스파피트니스피티 공릉점,노원구
156,짐박스피트니스 신림역점,관악구
157,제임스짐,관악구
158,비나이더신촌점,마포구
159,(주)엠알티핏,서초구
160,헬스GO 피트니스,은평구
161,져스트 짐,도봉구
162,피티다움,영등포구
163,스포애니 광화문역점,종로구
164,한상현GYM,종로구
165,YFL,종로구
166,711GYM,종로구
167,스포짐,종로구
168,바디밸런스,종로구
169,센트로폴리스 피트니스,종로구
170,머슬메카,은평구
171,워너짐 NO.1,종로구
172,스페이스본 휘트니스센터,종로구
173,100일 PT 샵,종로구
174,디앤브이 피트니스,종로구
175,에이블짐창신역점,종로구
176,필웨이,종로구
177,PT.ROOT,종로구
178,피티루트,종로구
179,로얄EMS.PT,종로구
180,RUN 광화문,종로구
181,금보개발(주)오라카이 대학로 호텔,종로구
182,내몸을 차짐,종로구
183,MAX체력단련장,종로구
184,박영길 휘트니스,종로구
185,경복궁휘트니스,종로구
186,푸쉬앤풀휘트니스,종로구
187,보령헬스피아,종로구
188,제이휘트니스,종로구
189,위아짐,광진구
190,제일메가스포,종로구
191,AB휘트니스클럽,종로구
192,바디스테이션종로점,종로구
193,주-스포짐,종로구
194,M2 GYM,종로구
195,다함PT,종로구
196,홍핏(HONG FIT),종로구
197,머슬프렌즈짐,성북구
198,클래식바디짐,종로구
199,셀렉트짐,종로구
200,(주)타이거알유(계동지점),종로구
201,피티루트(부암동점),종로구
202,나봄PT&PILATES,종로구
203,더타임,종로구
204,DK퍼스널트레이닝,종로구
205,주식회사 태평로 바디스타,중구
206,DDPT&PILATES,중구
207,피엘유,중구
208,골든크라운 크로스핏 서대문역,중구
209,3S gym,중구
210,핏앤힐 (Fit and Hill),중구
211,잇즈(ITZ)핏,중구
212,세심한 PT studio,중구
213,비치바디,중구
214,엘리트핏24,중구
215,핏인라이프,마포구
216,관리의 기술,중구
217,CM헬스,중구
218,피트니스 월드,중구
219,파크짐,중구
220,황금스파,중구
221,제이엘스포츠,중구
222,(주)센터원웰니스,중구
223,(주)조선호텔앤리조트스테이트타워남산GYM,중구
224,(주)더한 오리엔스 호텔 & 레지던스,중구
225,엠피트니스,중구
226,이로운 퍼스널 트레이닝 스튜디오,중구
227,휘트니스센터,중구
228,OUTFIT FITNESS,중구
229,(주)스포짐앤밀론,중구
230,주식회사 무브옵,강남구
231,센트럴 피트니스,중구
232,엠비휘트니스,중구
233,시립서울청소년센터,중구
234,Medi & Fit (메디 앤 핏),중구
235,커스텀핏,노원구
236,스카이 P.P,중구
237,파크짐,중구
238,코리아나,중구
239,피트니스 메이트,강서구
240,바디플렉스짐,중구
241,올록볼록 PT Studio,중구
242,(주)머슬컴퍼니 머슬프렌즈짐,중구
243,서울시청역점 스포애니 (주)케이디스포츠,중구
244,베네핏,중구
245,(주)머슬인더박스,중구
246,엠씨티 짐 시청,중구
247,(주)스포짐옐로우 신당역점,중구
248,마인PT & 필라테스 신당청구점,중구
249,클라우드 짐 선유,영등포구
250,에이원 휘트니스,중구
251,조인성 퍼스널트레이닝 No.3,중구
252,GYM29,중구
253,UNO GYM,중구
254,㈜에이치비스포츠아이엔씨,중구
255,디에스디엘(주) 프레이저플레이스 센트럴 호텔,중구
256,스윗짐,중구
257,그랜드센트럴 피트니스,중구
258,긍정체육관,중구
259,피트니스비엠 ㈜피트비엠,중구
260,크로스핏 삼손,중구
261,슈브 핏,중구
262,시그마스포츠클럽,중구
263,피트니스101,중구
264,짐나우 퍼스널트레이닝,용산구
265,라온휘트니스,용산구
266,진핏퍼스널트레이닝,용산구
267,ONE MORE,용산구
268,바나나휘트니스24,용산구
269,스포벡휘트니스,용산구
270,오아핏,용산구
271,이태원짐,용산구
272,Sanctuary,용산구
273,F45 트레이닝 한남,용산구
274,망고짐,용산구
275,마음다짐,용산구
276,업핏 한남,용산구
277,시크모어 웰니스 스튜디오,용산구
278,랜스앤제이 퍼스널 트레이닝 스튜디오,용산구
279,유즈웰(USEWELL),용산구
280,제이짐,용산구
281,더블에이 이촌,용산구
282,피트 트레이닝센터,용산구
283,파프짐,용산구
284,만리 체육관,용산구
285,찰스짐,용산구
286,빅짐,용산구
287,후핏,용산구
288,스포짐 한남,용산구
289,판크 트레이닝클럽,용산구
290,Fit In Cool,용산구
291,팀레드,용산구
292,Fit Club,용산구
293,바나나필라 피티,용산구
294,Beautiful Evolution,용산구
295,에스퍼스널트레이닝,용산구
296,PENTACLE,용산구
297,레브트레이닝,용산구
298,스포벡,용산구
299,와가짐,용산구
300,칼라퍼스널트레이닝,용산구
301,프라이빗 웰니스,용산구
302,H 스튜디오,용산구
303,반트짐,용산구
304,바디컨설팅,용산구
305,TIM GYM,용산구
306,에이블짐 이태원역점,용산구
307,맹그로브 짐,용산구
308,서울시티크루,용산구
309,릴렉스 퍼스널트레이닝,용산구
310,드래곤힐스파휘트니스클럽,용산구
311,AK운동맞춤센터,용산구
312,살롱드핏,용산구
313,아고라피트니스 강남역점,서초구
314,웰니스짐,용산구
315,센트럴짐,용산구
316,우노 휘트니스클럽,용산구
317,동국스포츠,용산구
318,리콥 웰니스센터,용산구
319,J헬스클럽,용산구
320,스카이 휘트니스클럽,용산구
321,해밀톤 휘트니스센터,용산구
322,에이치 앤 휘트니스,용산구
323,밸런스 핏,용산구
324,윌 피티 짐,서초구
325,스포짐옐로우 이촌점,용산구
326,킴스짐헬스크럽,용산구
327,위드짐 한남점(WITHGYM),용산구
328,센티넬 크로스핏 한남1(Sentinel CrossFit Hannam),용산구
329,동서 골프&휘트니스,용산구
330,위너핏PT스튜디오,용산구
331,스포짐,용산구
332,NEW RUN,용산구
333,짐나우 신용산점,용산구
334,FIT NOMAD,용산구
335,내셔널짐,용산구
336,모어피클,용산구
337,리콥 웰니스 프리미엄,용산구
338,나의 근육 사용설명서,성동구
339,크로스핏 아띠,성동구
340,비 스튜디오(Be studio),성동구
341,(주)프롬더바디,성동구
342,플렉스피티,서대문구
343,힐앤핏,성동구
344,더블에이피트니스,성동구
345,(주)스포티즌 엑시온점,성동구
346,운동연구소,성동구
347,핏바디짐,성동구
348,바른핏,성동구
349,건강과땀 휘트니스센타,성동구
350,인피니티 퍼스널 트레이닝,성동구
351,센트라스 투엑스 주식회사,성동구
352,D_GYM,성동구
353,커브스 금호클럽,성동구
354,테라피티,성동구
355,위드짐 금호점(WITHGYM),성동구
356,피네테스,성동구
357,허니바디 스포츠,성동구
358,메디앤핏,성동구
359,(주)넉아웃,성동구
360,AII For U GYM,성동구
361,레이 휘트니스,성동구
362,이루어짐 헬스,성동구
363,탑핏(TOPFIT),성동구
364,스타트짐,성동구
365,포유더프라이빗,마포구
366,퀸스테이지,성동구
367,BAN(반),성동구
368,피트니스 에이치(Fitness. H),성동구
369,MSC,성동구
370,에코 휘트니스,성동구
371,라온 휘트니스,성동구
372,웰트짐,성동구
373,Holy fit(홀리핏),서대문구
374,육체미공작소,영등포구
375,노블휘트니스,성동구
376,고릴라 멀티짐,성동구
377,왕십리역점 스포애니 주)케이디스포츠,성동구
378,센트리얼 휘트니스 옥수점,성동구
379,동우헬스,성동구
380,시티짐 답십리,성동구
381,포시즌 휘트니스,성동구
382,스타트 짐,성동구
383,알엑스 퍼스널 트레이닝,성동구
384,짐아서 휘트니스,성동구
385,풍림휘트니스,성동구
386,(주)옥수 투엑스 휘트니스,성동구
387,올림픽휘트니스,성동구
388,더바른몸PT,성동구
389,빅브로짐 휘트니스 성수점,성동구
390,(주)운동의 정석,성동구
391,더새로워짐,성동구
392,다조아GYM,관악구
393,브라보 PT,성동구
394,퀄핏 건강운동센터,성동구
395,성수역점 스포애니,성동구
396,ST 요가앤PT,성동구
397,리커버 필라테스 PT,성동구
398,릴리브짐,성동구
399,에이블짐 한양대점,성동구
400,오늘 운동,성동구
401,PND,성동구
402,shut up and squat,성동구
403,뉴바디필라테스&멀티트레이닝센터,성동구
404,바른피티,성동구
405,바나나짐,성동구
406,더 바디 피트니스,성동구
407,PT STUDIO RE ' ON,성동구
408,크로스핏 핏불,성동구
409,무브먼트 프로젝트,성동구
410,얼라이브짐,성동구
411,빌드업피트니스 성수역점,성동구
412,퀸 스페셜 PT,성동구
413,HOME GYM,동대문구
414,초콜렛 휘트니스(무단폐업),광진구
415,웰플러스,광진구
416,코엑스짐 중곡점,광진구
417,바디 퍼포먼스 짐,광진구
418,초콜릿 휘트니스,광진구
419,삼성남녀헬스센타,광진구
420,영광헬스피아,광진구
421,역사헬스,광진구
422,멜론짐,광진구
423,파워헬스,광진구
424,세븐짐 휘트니스,광진구
425,바디퍼포먼스 짐,광진구
426,아크로짐 구의점,광진구
427,비터스윗코리아,광진구
428,제이 퍼스널 트레이닝 스튜디오,광진구
429,역발산센터,광진구
430,휘트니스피플우먼 구의점,광진구
431,광운헬스,광진구
432,주식회사 헬스보이컴퍼니,광진구
433,바디케어짐,광진구
434,피트니스 아레나,광진구
435,JM휘트니스,광진구
436,광명 휘트니스,광진구
437,드림헬스클럽,광진구
438,휴먼짐,광진구
439,광진구민체육센터,광진구
440,동방헬스,광진구
441,바디메이트 짐,광진구
442,파워존,광진구
443,타운케이 휘트니스,광진구
444,맥스토탈휘트니스,광진구
445,SAP,광진구
446,시너지휘트니스,광진구
447,휘트니스파크,광진구
448,머슬 H 휘트니스,광진구
449,상록헬스크리닉,광진구
450,메트로헬스,광진구
451,스타일휘트니스클럽(무단폐업),광진구
452,머슬킹,광진구
453,아름다운휘트니스,광진구
454,제이피트휘트니스,광진구
455,휘트니스 트리,광진구
456,시티짐 군자,광진구
457,세종 남여헬스(무단폐업),광진구
458,화인헬스,광진구
459,몸가짐 퍼스널트레이닝,광진구
460,Choi's Body Balance,광진구
461,NX PT STUDIO,광진구
462,2MR 휘트니스,광진구
463,휘트니스 에이치투,광진구
464,휘트니스베이 24시 건대점,광진구
465,노경우 퍼스널 트레이닝,광진구
466,BODY119(바디119),광진구
467,제이바디웍스,광진구
468,나다헬스,광진구
469,커브스구의클럽,광진구
470,마크짐 휘트니스 - 강변역점,광진구
471,원모어 퍼스널트레이닝 스튜디오,광진구
472,프라임헬스클럽,광진구
473,아차산헬스클럽,광진구
474,군자휘트니스 크럽,광진구
475,순수여성헬스,광진구
476,파나마 헬스클럽,광진구
477,광진휘트니스,광진구
478,대원헬스,광진구
479,바디앤소울,광진구
480,엘리트짐,광진구
481,리버사이드 스포츠,광진구
482,용곡체육관,광진구
483,유진헬스클럽,광진구
484,더건PT,양천구
485,몸가짐 PT&필라테스,광진구
486,크로스핏 팀앤디,광진구
487,조승호 아톰 휘트니스 PT,광진구
488,Youn-A PT샵,광진구
489,동부육체미,광진구
490,휘트니스우먼,광진구
491,더테라 휘트니스,광진구
492,원모어핏,광진구
493,더블핏(Double Fit),광진구
494,스포니스,광진구
495,에프에이스포츠,광진구
496,A2GYM(에이투짐),광진구
497,스포츠컨디셔닝센터 FMETS & D.FLAB,광진구
498,퍼스트 핏(FIRST FIT),광진구
499,삼손스포츠수기명가,광진구
500,크로스핏 라온2,광진구
501,토니바디&PT 중곡점,광진구
502,스튜디오 클라라,광진구
503,브라운 휘트니스,광진구
504,르와짐,광진구
505,던전짐,광진구
506,스포니스 화양점,광진구
507,클레어 웰니스 스튜디오 건대점,광진구
508,W PT STUDIO,광진구
509,토니바디PT& 건대점,광진구
510,coworker(코워커),광진구
511,에이투짐(A2GYM),광진구
512,군자역점 스포애니 주)케이디스포츠,광진구
513,몸가짐 휘트니스 구의점,광진구
514,도움pt,광진구
515,어반더핏,광진구
516,휘트니스피플우먼 건대점,광진구
517,임스타핏,광진구
518,토니바디W,광진구
519,토니바디&PT 자양점,광진구
520,원더바디핏,광진구
521,휘트니스베이24시 건대역점,광진구
522,정스짐,광진구
523,마일로짐,광진구
524,우리동네 PT샵,광진구
525,해부학적 운동 군자점,광진구
526,지니 짐,광진구
527,(주)비스코 헬스케어,광진구
528,에이투짐,광진구
529,더프라임PT,광진구
530,휘트니스헬스타운,광진구
531,A's휘트니스여성헬스,광진구
532,나우휘트니스,광진구
533,이지피티스튜디오,광진구
534,크로스핏 라온,광진구
535,골프베이휘트니스,광진구
536,시티짐 군자 필라테스&헬스,광진구
537,휘트니스 타운케이,광진구
538,캐리스타 휘트니스(CALISTA FITNESS),광진구
539,맥 클라우드,광진구
540,핏앤다이어트 30분순환운동,광진구
541,서울특별시 동부여성발전센터,광진구
542,이너라인 GYM,광진구
543,디지피트니스(DGFIT)&골프,금천구
544,광진문화예술회관,광진구
545,커브스 자양클럽,광진구
546,앨리스 핏,광진구
547,클레어 필라테스&PT 건대점,광진구
548,피티니스,광진구
549,구의역점 스포애니 주)케이디스포츠,광진구
550,짐에잇,광진구
551,스포애니 신설동역점,동대문구
552,머슬아카데미 GYM,동대문구
553,상승짐,동대문구
554,머슬랭PT,동대문구
555,JO. P.T. GYM,동대문구
556,HATTE PT STUDIO,동대문구
557,휴맥스 짐,동대문구
558,어메이징휘트니스,동대문구
559,직선 퍼스널트레이닝(장안점),동대문구
560,제프짐,동대문구
561,에이치짐투,동대문구
562,장안휘트니스센터,동대문구
563,나봄PT&필라테스,동대문구
564,체크핏,동대문구
565,하나더 짐,동대문구
566,주식회사 엠휘트니스4,동대문구
567,fitpoint gym,동대문구
568,원오원짐,동대문구
569,조인성퍼스널트레이닝 운동과학센터(회기점),동대문구
570,루아짐,동대문구
571,밤 피티 앤 필라테스,동대문구
572,브이엠휘트니스,동대문구
573,빛나짐,동대문구
574,HEY HONEY WORKOUT!,동대문구
575,조피티짐,동대문구
576,에이치짐 PT,동대문구
577,회기동헬스학교 경희대학교점,동대문구
578,어메이징 휘트니스,동대문구
579,브이엠휘트니스 청량리점,동대문구
580,소울핏,동대문구
581,피트니스131,동대문구
582,빌리프짐 회기점,동대문구
583,메이크픽스짐,동대문구
584,제네핏(Genefit),동대문구
585,triofit,동대문구
586,버닝타임짐,동대문구
587,크로스핏 온앤온,동대문구
588,쿰짐(제이벌스),동대문구
589,FITNESS K,동대문구
590,클 필라테스 플러스 피티,동대문구
591,we body gym(위바디짐),동대문구
592,회기동 헬스학교,동대문구
593,태정헬스,동대문구
594,동아헬스,동대문구
595,크로스핏(헬스),동대문구
596,헬스파크,동대문구
597,에센휘트니스 크럽,동대문구
598,삼성휘트니스클럽,동대문구
599,HTV 휘트니스,동대문구
600,머슬허슬,동대문구
601,휴맥스 휘트니스크럽,동대문구
602,H GYM(에이치 짐),동대문구
603,스포벡휘트니스,동대문구
604,H-body 휘트니스,동대문구
605,힐 휘트니스,동대문구
606,M&F 스포츠클럽,동대문구
607,버닝타임,동대문구
608,헬스보이짐 장안점,동대문구
609,하늘스포츠재활센터,동대문구
610,TRUST GYM,동대문구
611,에이블짐 휘트니스,동대문구
612,비너스헬스,동대문구
613,MJ 스포랜드,동대문구
614,투엑스휘트니스,동대문구
615,청계스포츠(체력단련장),동대문구
616,헬스 119,동대문구
617,휘트니스 월드,동대문구
618,에스라인 휘트니스,동대문구
619,더빠짐,동대문구
620,나은척추관절운동센터,동대문구
621,직선 퍼스널트레이닝,동대문구
622,라온 퍼스널트레이닝,동대문구
623,한신휘트니스,동대문구
624,더블에스 휘트니스,동대문구
625,뉴파워짐,동대문구
626,(주)엑스알그라운드,동대문구
627,골든몽키짐(GYM),동대문구
628,파워헬스클럽,동대문구
629,동대문종합사회복지관(체력단련장업),동대문구
630,와치 휘트니스,동대문구
631,New Body Gym,동대문구
632,에이짐(A GYM),동대문구
633,크로스핏 리스펙,동대문구
634,더블에스 휘트니스,동대문구
635,팻다운짐,동대문구
636,시티짐 퍼플,동대문구
637,트리플에이짐(Triple A Gym),동대문구
638,닥터스트렝스,동대문구
639,팀현gym,동대문구
640,베이스오브바디,동대문구
641,101퍼센트짐,동대문구
642,H-GYM 투,동대문구
643,코어스트롱 휘트니스,중랑구
644,바디플레이스,중랑구
645,쑤핏,중랑구
646,면목 휘트니스,중랑구
647,린 휘트니스,중랑구
648,코어스트롱 중랑구청점,중랑구
649,온리엘 PT 스튜디오,중랑구
650,뉴온리짐,중랑구
651,GOTO 면목,중랑구
652,주식회사 고릴라멀티짐,중랑구
653,커브스 신내클럽,중랑구
654,시너지 휘트니스,중랑구
655,피트니스 에스 핏,중랑구
656,오메가 쓰리 스포츠,중랑구
657,바디캠프,중랑구
658,스포웰짐,중랑구
659,투바디짐,중랑구
660,워너비짐,중랑구
661,카인드짐 24시 휘트니스&스쿼시 먹골역점,중랑구
662,연희 피티＆필라테스,서대문구
663,신내헬스,중랑구
664,사가정역점 스포애니 주)케이디스포츠,중랑구
665,101퍼센트짐,동대문구
666,올리브짐,중랑구
667,이코리아스포츠,중랑구
668,세방헬스클럽,중랑구
669,카인드짐 휘트니스&스쿼시,중랑구
670,아모르 PT,중랑구
671,하이짐,강동구
672,엠브이엠 거여역점,송파구
673,굿모닝 휘트니스,중랑구
674,PT centre 피티센터,동작구
675,운동창고 PT GYM,중랑구
676,럭키 헬스,중랑구
677,(주)우원지에스(데시앙포레휘트니스),중랑구
678,디프로PT,강남구
679,팀키스짐(TEAM KIS GYM),중랑구
680,건강한 PT studio,성북구
681,업투 길음역점,성북구
682,비바 휘트니스,중랑구
683,운동창고,중랑구
684,카인드 라이프 피트니스,중랑구
685,운동창고 PT- 면목점,중랑구
686,고구마 휘트니스,중랑구
687,팀키스 짐,중랑구
688,시너지 짐,중랑구
689,J. PT GYM,중랑구
690,피트니스 페이스,중랑구
691,쉴드짐,중랑구
692,애스톤 네이처 24 hour 휘트니스,중랑구
693,커브스상봉클럽,중랑구
694,트루짐,중랑구
695,운동자판기 GYM,중랑구
696,미라클 헬스,중랑구
697,짐프릭 면목점,중랑구
698,엠크루짐,중랑구
699,BOBS GYM(밥스짐),중랑구
700,디에타,은평구
701,에이블짐 상봉역점,중랑구
702,리얼타임 피트니스,중랑구
703,BODY EFFECT,중랑구
704,더바른핏,중랑구
705,스트롱라인 면목점,중랑구
706,크로스핏 파무짐,중랑구
707,닥터바디짐,중랑구
708,토니바디PT,중랑구
709,트러스트짐,성북구
710,라몬 GYM,성북구
711,건강한 정릉,성북구
712,GO TO URBAN,성북구
713,로아짐(LOA GYM),성북구
714,엠에프짐(MF GYM),성북구
715,짐포레스트,성북구
716,멋GYM휘트니스(성북월곡점),성북구
717,BM 휘트니스클럽,성북구
718,플러스 휘트니스클럽,성북구
719,월곡건강랜드,성북구
720,청마스포츠클럽,성북구
721,바른운동센터,성북구
722,1% 퍼스널 트레이닝,성북구
723,3F 퍼스널 트레이닝,성북구
724,한성패스트짐,성북구
725,더블엠 헬스케어,성북구
726,시티짐 시그니처,성북구
727,이엑스 휘트니스,성북구
728,휘트니스인앤필라테스인,성북구
729,비타민 휘트니스클럽,성북구
730,블랙멀티짐,성북구
731,ICWC 벨로드롬,성북구
732,새마을휘트니스,성북구
733,파워라인 휘트니스 클럽,성북구
734,제로짐,성북구
735,커브스 길음클럽,성북구
736,스포웰짐 월곡점,성북구
737,H.M.A.C (HUMAN MOVEMENT ACTIVATION CENTER),성북구
738,월드헬스클럽,성북구
739,업타운 휘트니스,성북구
740,스마일 헬스,성북구
741,오라쁘띠휘트니스센터,성북구
742,블랙멀티짐,성북구
743,S&S,성북구
744,커브스 종암클럽,성북구
745,시티짐 필라테스&골프,성북구
746,휘트니스베이24시 석관점,성북구
747,JM휘트니스클럽,성북구
748,서울레저프라자(주),성북구
749,짐타운,성동구
750,에너메카 휘트니스,성북구
751,동호헬스,성북구
752,시티짐 119종암,성북구
753,오렌지휘트니스,성북구
754,플러스 휘트니스 클럽,성북구
755,워너비 짐,성북구
756,백퍼센트짐,성북구
757,돈암헬스,성북구
758,올리브짐,성북구
759,TLC휘트니스센타,성북구
760,투웬티핏,성북구
761,챠밍여성헬스,성북구
762,동아헬스클럽,성북구
763,한스남여헬스타운,성북구
764,안암헬스,성북구
765,암스트롱,성북구
766,에이블짐 돈암점,성북구
767,스타짐 정릉,성북구
768,크로스에듀테크(주),성북구
769,탐휘트니스 길음,성북구
770,솜솜 스포츠,성북구
771,커브스 월계클럽,성북구
772,헤드온 피트니스(Head on Fitness),성북구
773,슬림라인 휘트니스,성북구
774,주식회사 피트니스101,성북구
775,닥터스트렝스,성북구
776,GYM-H,성북구
777,바카티오 플레이스,성북구
778,샤크짐2호점,성북구
779,ARDIEM PT,성북구
780,업타운 휘트니스 돌곶이점,성북구
781,핏플랜,성북구
782,에이티엘(ATL),성북구
783,이너라인GYM 월곡점,성북구
784,노바디짐,성북구
785,당신만의 체인지,성북구
786,본피트니스,성북구
787,크로스핏로꼬,성북구
788,투(2J fitness)돈암체육관,성북구
789,스마일 보이짐,성북구
790,당신의 PT,성북구
791,웨일 미아점,강북구
792,워싱턴짐,강서구
793,피트니스 베네핏,강북구
794,부스터짐,강북구
795,빌리프짐 수유점,강북구
796,라이프 플러스 휘트니스,강북구
797,데일리P.T샵,강북구
798,머슬엑스짐,강북구
799,더 굿핏(The Goodfit),강북구
800,삼양사거리점 스포애니 (주)케이디스포츠,강북구
801,에스핏휘트니스 수유점,강북구
802,더바른 휘트니스,강북구
803,뉴파워짐 수유역지점,강북구
804,더 퍼스트짐,강북구
805,알앤엘,강북구
806,라인짐2호점,강북구
807,714GYM,광진구
808,아크로짐,강북구
809,소울 휘트니스,강북구
810,고릴라멀티짐,강북구
811,수유역점 스포애니 주)케이디스포츠,강북구
812,데일리짐&PT 봉천점,관악구
813,열정PT,강북구
814,플로리다 피트니스,강북구
815,삼각산 헬스타운,강북구
816,에너메카,강북구
817,가인,강북구
818,현대 휘트니스,강북구
819,Double 휘트니스 클럽,강북구
820,노블휘트니스클럽,강북구
821,휘트니스피플 우먼 수유점,강북구
822,범 휘트니스,강북구
823,FUN 휘트니스,강북구
824,M 휘트니스,강북구
825,이성현 퍼스널 트레이닝,강북구
826,피트니스팩토리 24,강북구
827,스카이휘트니스,강북구
828,피티밤,동대문구
829,국제헬스클럽,강북구
830,업타운 휘트니스,강북구
831,모어핏,송파구
832,체대입시 FA,강북구
833,삼손헬스,송파구
834,바디컨펌,도봉구
835,에이트 피티 스튜디오,도봉구
836,핏오짐,도봉구
837,홍짐,도봉구
838,라이프플러스휘트니스,도봉구
839,백곰 짐,도봉구
840,리케어짐,도봉구
841,트렌디바디,도봉구
842,N 피티짐,도봉구
843,아레나 피트니스,도봉구
844,에스짐,도봉구
845,펀 휘트니스,도봉구
846,커브스 창동클럽,도봉구
847,핏걸(방학점),도봉구
848,제이케이핏,도봉구
849,Agym 쌍문점,도봉구
850,엠엠핏(MMFIT),도봉구
851,수 골프 앤 짐,도봉구
852,핏오짐4,도봉구
853,FIT 36.5,도봉구
854,헬스장,도봉구
855,핏오짐 fitohGym,도봉구
856,아이언휘트니스2호점,도봉구
857,휴먼(HUMAN)휘트니스,도봉구
858,바디스토리짐,도봉구
859,광동헬스사우나,도봉구
860,O2 Zone 헬스,도봉구
861,유니버셜휘트니스크럽,도봉구
862,TOP GYM(무에타이주짓수),도봉구
863,제일헬스크럽,도봉구
864,아이언짐 방학점,도봉구
865,워라밸 피트니스,도봉구
866,HR Max Gym 스튜디오,도봉구
867,쌍문역점 스포애니 주)케이디스포츠,도봉구
868,월드헬스크럽,도봉구
869,커브스 창동 클럽,도봉구
870,스포119 방학역점,도봉구
871,월드남녀헬스타운,도봉구
872,꿀핏 PT&PILATES,도봉구
873,창동점 스포애니,도봉구
874,Kings Gym,도봉구
875,정윤재 헬스클럽,도봉구
876,(주)루케테,도봉구
877,휴먼휘트니스클럽,도봉구
878,도봉헬스클럽,도봉구
879,라이프 휘트니스,도봉구
880,휘트니스W창동점,도봉구
881,크로스핏 앤츠,도봉구
882,쏘.핏,강남구
883,스타보디빌딩,도봉구
884,탐 휘트니스,도봉구
885,J&S GYM,도봉구
886,글로리아 휘트니스,도봉구
887,Fitness body No.1,도봉구
888,크로스핏 얼티메이트,도봉구
889,도봉스카이돔 헬스장,도봉구
890,지엘 핏,도봉구
891,GYM90,도봉구
892,대영헬스,도봉구
893,포코-벤 헬스,도봉구
894,블랙핏,강북구
895,루이 짐,도봉구
896,Fitness Tok,도봉구
897,슈퍼스타S 휘트니스,도봉구
898,비타민헬스클럽,도봉구
899,우리동네 체육관,도봉구
900,S gym,도봉구
901,건강해GYM,도봉구
902,초이스 짐,도봉구
903,비타민플러스휘트니스,도봉구
904,비타민헬스,도봉구
905,D-GYM,도봉구
906,스포벡휘트니스 방학쌍문점,도봉구
907,스포애니 공릉점,노원구
908,휘트니스꿈&필라테스,노원구
909,발리짐 노원역점,노원구
910,아폴로휘트니스,노원구
911,운동하는 날 day,노원구
912,레몬핏 휘트니스,노원구
913,수호 바디짐,노원구
914,노원점 스포애니 주)케이디스포츠,노원구
915,주니어핏,노원구
916,인헬서짐 월계역점,노원구
917,엔비짐PT,노원구
918,우리스포츠센터,노원구
919,재미짐,노원구
920,비담핏(ViDamFIT),노원구
921,GYM90 Pt StuDio(짐구공피티스튜디오)상계점,노원구
922,메이크짐,노원구
923,JY GYM,강서구
924,위스테이 휘트니스,송파구
925,베네핏,노원구
926,상계역점 스포애니 주)케이디스포츠,노원구
927,핏구공피티스튜디오&소정필라테스,노원구
928,에이플랜짐,노원구
929,카인드짐휘트니스&스쿼시,노원구
930,프리원핏,노원구
931,빌리버짐,노원구
932,윤스피티,노원구
933,와일드짐,노원구
934,BODY CPR,노원구
935,피트니스위 광운대역점,노원구
936,Hellene (헬린),노원구
937,하디핏,노원구
938,크로스핏 Dragon,노원구
939,에이블짐 노원역 2호점,노원구
940,노원헬스,노원구
941,위짐(we Gym),노원구
942,고릴라멀티짐,노원구
943,시티짐,노원구
944,꿀핏휘트니스,노원구
945,에이블짐 휘트니스,노원구
946,FITNESS GOJIB,노원구
947,에이블짐 휘트니스,노원구
948,위너짐,노원구
949,FITNESS 510 김정민 퍼스널 트레이닝,노원구
950,MVGYM,노원구
951,휘트니스앤짐,노원구
952,와우짐,노원구
953,K.B샵,노원구
954,흥봉헬스클럽,노원구
955,뉴크로핏,노원구
956,워너핏휘트니스,노원구
957,마이핏 휘트니스,노원구
958,머슬톡 휘트니스,노원구
959,레몬핏휘트니스,노원구
960,피트니스 고집,노원구
961,펀더멘틀 크로스핏,노원구
962,에이치짐,노원구
963,아크로짐 헬스PT&골프 돈암점,성북구
964,SN Fitness,노원구
965,휘트니스 꿈,노원구
966,피트니스 아레나,노원구
967,라이트짐(LIGHT GYM),강남구
968,바디짐,노원구
969,서정피트니스,노원구
970,HAHA 맞춤운동센터,노원구
971,운동에 빠지다,노원구
972,우리스포츠센터(헬스),노원구
973,바디채널 공릉역점,노원구
974,발리짐 상계역점,노원구
975,서울산업대스포츠센터,노원구
976,FitnessCC,노원구
977,커브스 마들클럽,노원구
978,FITNESS인,노원구
979,아이언 휘트니스,노원구
980,김정민 퍼스널 트레이닝 스튜디오,노원구
981,부르스타짐 공릉점,노원구
982,레몬핏휘트니스,노원구
983,바디짐헬스,노원구
984,미스.미스터헬스크럽,노원구
985,박흥래남.여헬스,노원구
986,빅토리헬스크럽,노원구
987,라인업 휘트니스 클럽,노원구
988,굿모닝휘트니스,노원구
989,동천재활체육센터,노원구
990,Hoya Gym,서초구
991,리드 피트니스,노원구
992,소운소 Ark Gym,노원구
993,LJ PT,노원구
994,부르스타짐(주),노원구
995,건영스파밸리헬스클럽,노원구
996,피트니스 뭅,노원구
997,다미넬GYM,은평구
998,한스바디밸런스,은평구
999,휘트니스 에일린 2호점,관악구
1000,바디메카,은평구
1001,AML(Athletic Movement Lab),강남구
1002,피트니스플랜비,마포구
1003,올바른 PT,강동구
1004,커브스은평뉴타운클럽,은평구
1005,스포짐코리아,은평구
1006,불광역점 스포애니 (주)케이디스포츠,은평구
1007,근본 PT 스튜디오,송파구
1008,멀티짐,은평구
1009,준석 휘트니스,은평구
1010,피티몽키위드레몬,마포구
1011,밀론앤스마트짐,은평구
1012,스포애니 응암오거리점,은평구
1013,랜드짐,은평구
1014,연신내역 스포애니 (주)케이디스포츠,은평구
1015,흥바디짐,은평구
1016,멀티짐 2.0,은평구
1017,이큐빅희트니스,은평구
1018,이브핏(광화문점),종로구
1019,드림라인휘트니스,은평구
1020,주식회사 피트니스101,종로구
1021,COGIT(코지트),종로구
1022,무지개헬스,은평구
1023,태영패미리헬스,은평구
1024,개선남여피아,은평구
1025,디딤휘트니스,은평구
1026,커브스응암클럽,은평구
1027,커브스녹번클럽,은평구
1028,F45,종로구
1029,듀얼핏,종로구
1030,15짐,은평구
1031,스포애니 동묘앞역점,종로구
1032,바디짐헬스,은평구
1033,테크노헬스,은평구
1034,메트로휘트니스센타,은평구
1035,테크노 헬스,은평구
1036,현봉휘트니스,은평구
1037,써니휘트니스헬스,은평구
1038,엔젤스 헤이븐,은평구
1039,피렉스휘트니스,은평구
1040,청자헬스,은평구
1041,브라이언박 트레이닝,은평구
1042,에스에스헬스장,은평구
1043,매일헬쓰클럽,은평구
1044,짐피닉스,종로구
1045,Wellness K(웰니스 케이),종로구
1046,리마인드짐,은평구
1047,(주)케이에스스포짐,종로구
1048,필라테스.피티.시도하다,종로구
1049,태민PT GYM,은평구
1050,피트니스랩,은평구
1051,스퀘어 짐,은평구
1052,몬스터짐 광화문본점,종로구
1053,원알엠피트니스,종로구
1054,바디팩토리,종로구
1055,파고다,종로구
1056,헬스박스,은평구
1057,커브스 연신내클럽,은평구
1058,구산역점 스포애니 (주)케이디스포츠,은평구
1059,아이언 휘트니스,은평구
1060,팩토리짐,은평구
1061,응암역점 스포애니 (주)케이디스포츠,은평구
1062,맥스휘트니스,은평구
1063,제우스짐,은평구
1064,영광헬스,은평구
1065,수양헬스,은평구
1066,옵티마 헬스,은평구
1067,아인스포츠 불광스포렉스,은평구
1068,구산헬쓰,은평구
1069,웰니스 짐,은평구
1070,월드헬스,은평구
1071,GYM 3.0,은평구
1072,에이짐 휘트니스,은평구
1073,DOUM PT,서초구
1074,역촌 명성체육관,은평구
1075,Timeless PT Studio,은평구
1076,스테이핏,은평구
1077,스윗 PT샵,은평구
1078,에이펙스 피트니스(APEX FITNESS),은평구
1079,파크짐,은평구
1080,made PT studio,은평구
1081,Korean Top Team DOWN GYM,은평구
1082,에르제 스튜디오,은평구
1083,바른짐 PT,은평구
1084,워너짐 PT 가양점,강서구
1085,슬기로운 GYM,은평구
1086,에이블짐 응암점,은평구
1087,어반컴퍼니,은평구
1088,이펙트짐,은평구
1089,제이에이치짐,은평구
1090,바디코어짐,서대문구
1091,아이소포스짐,서대문구
1092,마이스타,서대문구
1093,라이프플러스 휘트니스 가좌역점,서대문구
1094,익스트림 컴뱃,서대문구
1095,짐티피 연대이대 3호점,서대문구
1096,CORE LAB,영등포구
1097,Fitness W (피트니스 더블유),서대문구
1098,OPgym,서대문구
1099,바디온도,동대문구
1100,주) 건강과땀 휘트니스 명지대,서대문구
1101,셀프메이드짐 2,서대문구
1102,아지트(Hide out),서대문구
1103,바나나휘트니스,서대문구
1104,삼성골드헬스,서대문구
1105,JC헬스,서대문구
1106,준일 극동 휘트니스,서대문구
1107,제이피티샵 홍제점,서대문구
1108,월드휘트니스,서대문구
1109,성은헬스,서대문구
1110,더짐휘트니스,서대문구
1111,(주)허공,서대문구
1112,명품헬스,서대문구
1113,잇바디 휘트니스,서대문구
1114,VIP 휘트니스,서대문구
1115,스타칼리 휘트니스,서대문구
1116,제프웰니스센터,서대문구
1117,커브스홍제클럽,서대문구
1118,헬스보이,서대문구
1119,스타칼리휘트니스,서대문구
1120,고미짐,서대문구
1121,리두컴퍼니,서대문구
1122,SOMA FITNESS,서대문구
1123,크로스핏 스팀펑크 신촌,서대문구
1124,커브스 가재울 클럽,서대문구
1125,스타칼리 휘트니스,서대문구
1126,푸쉬앤풀 피티짐,서대문구
1127,리커버리PT스튜디오,서대문구
1128,STILL WE GO(스틸위고),서대문구
1129,GymSH 퍼스널트레이닝,서대문구
1130,노블핏짐,서대문구
1131,피티스튜디오 빛,서대문구
1132,짐굿라이프,서대문구
1133,더 포스짐,서대문구
1134,운동하는날,서대문구
1135,PT STUDIO SOOM,서대문구
1136,SSAC PT,서대문구
1137,3Y짐,서대문구
1138,운동하기 좋은날,서대문구
1139,크로스핏 남산,용산구
1140,리플레이,서대문구
1141,피트니스 소마,서대문구
1142,매직짐,서대문구
1143,겟투잇(Get to it),서대문구
1144,오늘부터 핏,서대문구
1145,우리짐 홍대점,마포구
1146,짐티피 홍대입구역점,마포구
1147,GOTO 상암,마포구
1148,시너짐(SYNERGYM),마포구
1149,피트니스 원,마포구
1150,건강해GYM,마포구
1151,셀프메이드짐(SELFMADE GYM),마포구
1152,Playground,마포구
1153,주식회사 엠휘트니스7,마포구
1154,온더피트니스,마포구
1155,리즈퍼스널트레이닝,마포구
1156,프로핏 1:1피티 스튜디오,마포구
1157,크로스핏헬퍼2호점 DMC상암점,마포구
1158,플루언트(FLUENT),마포구
1159,여성전용헬스장PT(메디컬필라테스마마3호점),마포구
1160,크로스핏 헬퍼,마포구
1161,에이블짐 삼성중앙역점,강남구
1162,Gym Tipi,마포구
1163,에프45(F45)상암,마포구
1164,바른핏,마포구
1165,합정역점 스포애니 주식회사 케이디스포츠,마포구
1166,모멘텀(MMT FITNESS),마포구
1167,일레븐피티 마포점,마포구
1168,커브스 상암클럽,마포구
1169,SBT 퍼스널트레이닝,마포구
1170,여우공간 필라테스(신촌점),마포구
1171,Gooood Gym,마포구
1172,이뮨,마포구
1173,달리짐(DALLI GYM),마포구
1174,세이프짐,마포구
1175,짐쉐이프,마포구
1176,피트니스랩,마포구
1177,Sweet spot,마포구
1178,프리베핏 2호점,마포구
1179,민데이짐,마포구
1180,클레어 피트니스 필라테스&PT 이수역점,동작구
1181,낭만PT,마포구
1182,헬스GO 피트니스,마포구
1183,MOVE UP,마포구
1184,홍대 프로씨드 짐,마포구
1185,공덕역점 스포애니 주)케이디스포츠,마포구
1186,허니짐,마포구
1187,에이블짐 신촌점,마포구
1188,빗미PT,마포구
1189,머슬마인드,마포구
1190,GYM Doit,마포구
1191,F45 공덕,마포구
1192,헬스보이짐 상암MBC점,마포구
1193,슈퍼바디짐,마포구
1194,카디오짐,마포구
1195,PUSHUP GYM,마포구
1196,함스짐(HAMS GYM),마포구
1197,밀레니엄짐 플러스,마포구
1198,The Movement,마포구
1199,인어스 휘트니스 마포점,마포구
1200,진헬스클럽,마포구
1201,헬스존,마포구
1202,FIT360°,마포구
1203,피트니스 온,마포구
1204,B.S.T GYM,마포구
1205,파워존HJ,마포구
1206,VIP 휘트니스,마포구
1207,무한 크로스핏,마포구
1208,더건강한피티,마포구
1209,MBC 휘트니스센터,마포구
1210,크로스핏 칸,마포구
1211,엠휘트니스,마포구
1212,Dr.GYM 피트니스,마포구
1213,큐어짐,마포구
1214,커브스 도화클럽,마포구
1215,VKNY Gym(비키니짐),마포구
1216,태영휘트니스,마포구
1217,다올핏,노원구
1218,모션짐,강동구
1219,디앤비,마포구
1220,데이지라이프 휘트니스,마포구
1221,휘트니스엠 롯데캐슬점,마포구
1222,휘트니스 에이든(Aiden),마포구
1223,스포짐휘트니스,마포구
1224,플래티넘PT(피티)스튜디오,마포구
1225,대성권투체육관,마포구
1226,스포애니 마포염리동점,마포구
1227,TNK BODYSCHOOL,마포구
1228,스포벡 휘트니스,마포구
1229,웰니스 휘트니스,마포구
1230,우리짐,마포구
1231,S-fit,마포구
1232,아이짐,마포구
1233,케이불스 휘트니스 마포구청역점,마포구
1234,애프터 피티,마포구
1235,엠베이스짐,마포구
1236,월드컵스파랜드24 체력단련장,마포구
1237,드림핏퍼스널트레이닝(DreamFit Personaltraining),마포구
1238,레벨에이치,마포구
1239,(주)크로스핏엑스,마포구
1240,휘트니스피플우먼 홍대점,마포구
1241,포에버핏 마포공덕점,마포구
1242,준휘트니스클럽,마포구
1243,U.D.T GYM,마포구
1244,스타트원 스포츠짐,마포구
1245,마크짐휘트니스,마포구
1246,ELITE FIT 24,마포구
1247,미지휘트니스골프클럽,마포구
1248,1st Class GYM,마포구
1249,다비드짐휘트니스,마포구
1250,아르케GYM(PT샵),마포구
1251,블루짐,마포구
1252,태그아웃,마포구
1253,CUBA FIT(쿠바핏),마포구
1254,소핏짐(So Fit Gym),마포구
1255,PRIVE FIT (프리베핏),마포구
1256,더바디피트니스,마포구
1257,Muscle96 GYM,마포구
1258,스마트짐,마포구
1259,행복애짐,마포구
1260,휘트니스 Aiden,마포구
1261,엔터짐,마포구
1262,세븐짐,마포구
1263,아놀드홍짐,마포구
1264,휘트니스엠 마포점,마포구
1265,서교휘트니스,마포구
1266,소의스포렉스,마포구
1267,바디엔스윙,마포구
1268,맥스짐,마포구
1269,FIT TO BE FITNESS,마포구
1270,킬러바디,마포구
1271,엠제트(MZ)휘트니스,마포구
1272,우리짐 상수점,마포구
1273,짐라이트,마포구
1274,피티(PT)전문 헬스엔 플레이스 합정점,마포구
1275,워너짐,양천구
1276,짐에스디비(GYM SDB),양천구
1277,디오필라앤핏,양천구
1278,피트니스 에이치,중랑구
1279,산체스짐,양천구
1280,프라임짐,양천구
1281,Life Body shop,양천구
1282,허니짐,양천구
1283,피트니스 바이블&스파,양천구
1284,메이크바디PT,양천구
1285,리폼드 크로스핏,양천구
1286,엠비엘,양천구
1287,갤러리 휘트니스,양천구
1288,브로제이짐(Brojgym),양천구
1289,트루그릿 피트니스 2호점,양천구
1290,건강해 스포츠,양천구
1291,아트짐 신정점,양천구
1292,라인짐 휘트니스,양천구
1293,나다피트니스,양천구
1294,노블레스헬스,양천구
1295,유니온헬스,양천구
1296,휘트니스클럽아로마,양천구
1297,스타존 휘트니스,양천구
1298,루나짐,양천구
1299,JS 휘트니스,양천구
1300,엘스케어,양천구
1301,GYM-MATE FITNESS CLUB,양천구
1302,로키스,양천구
1303,픽스바디짐 신월점,양천구
1304,스카이휘트니스,양천구
1305,피트니스포에버,양천구
1306,코카머슬 휘트니스,양천구
1307,스포짐휘트니스,양천구
1308,커브스 목동클럽,양천구
1309,광영문화원,양천구
1310,큐디짐S,양천구
1311,염창역점 스포애니 주)케이디스포츠,양천구
1312,슈퍼맨짐,양천구
1313,밀리언짐,양천구
1314,서문석헬스GYM,양천구
1315,목동스포츠센터,양천구
1316,신드롬PT스튜디오,양천구
1317,이강섭헬스클리닉,양천구
1318,굿모닝 휘트니스,양천구
1319,애플짐,양천구
1320,더 스페셜짐,양천구
1321,레벨업휘트니스,양천구
1322,업투 목동점,양천구
1323,MH토탈휘트니스,양천구
1324,머슬365,양천구
1325,K퍼스널트레이닝샵,양천구
1326,Min's맞춤운동전문센터,양천구
1327,위트짐,양천구
1328,주식회사 이태원짐 서대문구청점,서대문구
1329,브이핏,양천구
1330,DAGYM-FITNESS,양천구
1331,엘리트핏24  휘트니스,양천구
1332,펌프짐헬스클럽,양천구
1333,조형기 헬스,양천구
1334,머슬앤모션,양천구
1335,휘트니스 파이(FITNESS PI),양천구
1336,스포짐,양천구
1337,커브스 염창클럽,양천구
1338,레이디 휘트니스,양천구
1339,해동24시사우나헬스,양천구
1340,플러스버닝,양천구
1341,리오 퍼스널 트레이닝,양천구
1342,머스트 짐,양천구
1343,브이핏1:1퍼스널트레이닝,양천구
1344,마이프라이빗짐,양천구
1345,Fitness2.0 PT Studio,양천구
1346,라이프헬스클럽,양천구
1347,양천헬스,양천구
1348,목동PT 임펄스핏,양천구
1349,Play PT studio,양천구
1350,목동오목교YPTEMSGYM,양천구
1351,봉스짐,양천구
1352,클럽페이스메이커 목1점,양천구
1353,FIT U.S.A(피투사),양천구
1354,GYM I(짐아이),양천구
1355,목동역점 스포애니 (주)케이디스포츠,양천구
1356,(주)짐사이어티,양천구
1357,ONE FIT,양천구
1358,S-GYM,양천구
1359,산체스짐,양천구
1360,미니휘트니스3,양천구
1361,칸 스포츠,양천구
1362,에너짐,양천구
1363,청춘헬스,양천구
1364,케이불스 휘트니스 신월사거리점,양천구
1365,에이앤프리햅,양천구
1366,뉴블랙짐,양천구
1367,Gym BX4,양천구
1368,엠에스피지컬,양천구
1369,핏플필라테스엔휘트니스,양천구
1370,휘게짐,양천구
1371,럭스짐,양천구
1372,리온바디,양천구
1373,신드롬PT스튜디오 신정역2호점,양천구
1374,해부학적운동 목동점,양천구
1375,바디바디 피트니스,양천구
1376,헬린 목동점,양천구
1377,엠브이핏(MVFIT),양천구
1378,에스짐 파리공원점,양천구
1379,PeTer Gym Studio,양천구
1380,센트로 짐,양천구
1381,리파인 더 핏,양천구
1382,미니 휘트니스,양천구
1383,몬스터핏189,양천구
1384,스테디 짐,양천구
1385,씨너지핏,양천구
1386,벨류핏,양천구
1387,메가짐 목동,양천구
1388,트루그릿 피트니스,양천구
1389,이끌리짐,양천구
1390,씨엔조이레져스포츠,양천구
1391,무브 유,관악구
1392,에이블짐 마곡나루점,강서구
1393,껀바디(kkunbody),강서구
1394,벨르피티,강서구
1395,짐에브리원3,강서구
1396,건강한 운동,강서구
1397,BELIEVE PT STUDIO,강서구
1398,헬스보이짐 가양역점,강서구
1399,웨이트마스터GYM,강서구
1400,MH 토탈휘트니스 화곡점,강서구
1401,대방 스포츠센터,강서구
1402,안전지대 휘트니스,강서구
1403,이루어짐,강서구
1404,발산 피티샵 홀로서기,강서구
1405,어썸 플레이스 짐,강서구
1406,퓨어바디짐,강서구
1407,가꿈PT 스튜디오,강서구
1408,뉴핏샵,강서구
1409,정직한 피트니스,강서구
1410,바디채널 등촌역점,강서구
1411,스퀘어짐 양천향교,강서구
1412,HM무브먼트,강서구
1413,바디플렉스짐 공항시장역점,강서구
1414,캡틴짐,강서구
1415,슬림앤핏 1:1 PT,강서구
1416,라파리메디핏,강서구
1417,엠스타 휘트니스,강서구
1418,쿠타짐,강서구
1419,다이아짐,강서구
1420,태그아웃,강서구
1421,제이짐(J GYM),강서구
1422,온바디,영등포구
1423,F45 마곡역점,강서구
1424,다온나 필라테스&PT,강서구
1425,혼 GYM,강서구
1426,멋GYM,강서구
1427,엔에이핏,강서구
1428,어반 피티 스튜디오,강서구
1429,메이커스 짐,강서구
1430,젊어GYM,강서구
1431,프라임짐PT&필라테스,강서구
1432,커브스 까치산클럽,강서구
1433,1986 피트니스,강서구
1434,방화사거리점 스포애니 주)케이디스포츠,강서구
1435,HY 트레이닝,강서구
1436,바로온 피티&필라테스,강서구
1437,유핏,강서구
1438,(주)팬텀짐,강서구
1439,경춘체육관,강서구
1440,크로스핏 코알라,강서구
1441,바디플렉스짐,강서구
1442,불스짐,강서구
1443,웨이트랩,강서구
1444,JK블라썸호텔(휘트니스),강서구
1445,바크짐,강서구
1446,에너짐,강서구
1447,올데이,강서구
1448,새로고침 PT,강서구
1449,바디앤짐,동작구
1450,윤진화 퍼스널트레이닝,강서구
1451,더조은피티,강서구
1452,짐스페이스,강서구
1453,가벼워GYM,강서구
1454,리벌스핏,강서구
1455,운동하는 날 우장산점,강서구
1456,짐 에브리원 증미역점,강서구
1457,에스오엠 피트니스,강서구
1458,어뉴바디 PT&PILATES 강서구청점,강서구
1459,머슬포인트 짐,강서구
1460,액티브핏,강서구
1461,비에프휘트니스,강서구
1462,자마이카 PT 스튜디오,강서구
1463,(주) 스포니스 마곡점,강서구
1464,클라이짐,강서구
1465,핏 크러쉬 (FIT CRUSH),강서구
1466,라이크미,강서구
1467,MY FIRST GYM,강서구
1468,핏어팻GYM,강서구
1469,바디플렉스짐 강서구청점,강서구
1470,바디프로짐,강서구
1471,H 피트니스,강서구
1472,이지 스트랭스,강서구
1473,이바디,강서구
1474,제이뷰짐,강서구
1475,레오핏,강서구
1476,라인핏,강서구
1477,행복해GYM,강서구
1478,어뉴바디 PT&Pilates,강서구
1479,궁PT 마곡점,강서구
1480,이든핏,강서구
1481,DRAW BODY,강서구
1482,The B',강서구
1483,아이앤스포츠,강서구
1484,에스짐 염창점,강서구
1485,리폼드 크로스핏,강서구
1486,팀스파르타짐,강서구
1487,공감 휘트니스,강서구
1488,스키니짐,강서구
1489,포에버 퀸즈짐,강서구
1490,옵티멀 무브,강서구
1491,애플짐플러스,강서구
1492,열린산업개발 토탈휘트니스,강서구
1493,인스타일 휘트니스,강서구
1494,코카머슬로즈PT,강서구
1495,마블짐 휘트니스,강서구
1496,자마이카 휘트니스 필라테스 화곡점,강서구
1497,MAREE PT,강서구
1498,라이크미,강서구
1499,PT GROUND,강서구
1500,스테이 짐(STAY GYM),강서구
1501,우장산역점 스포애니 주)케이디스포츠,강서구
1502,그린헬스크럽,강서구
1503,위드에이치2,강서구
1504,하이짐 까치산점,강서구
1505,태광 스포츠,강서구
1506,등촌점 스포애니 주)케이디스포츠,강서구
1507,커브스 우장산클럽,강서구
1508,락 바디 짐,강서구
1509,샬롬헬스타운,강서구
1510,미 앤 스포츠,강서구
1511,주) 스포웰,강서구
1512,화곡역점 스포애니 주)케이디스포츠,강서구
1513,체리휘트니스,강서구
1514,리썸바디 필라니스,강서구
1515,기쁜우리체육센터,강서구
1516,클락짐,강서구
1517,K-휘트니스1,강서구
1518,슈퍼바디 짐,강서구
1519,삼성헬스프라자,강서구
1520,에이블짐 신방화역점,강서구
1521,저스트짐,강서구
1522,파크짐,서대문구
1523,스카이 핏,강서구
1524,GYM the Classic,강서구
1525,더핏불,강서구
1526,헬스-라이프,강서구
1527,강서구민올림픽체육센터,강서구
1528,KBS 스포츠월드 헬스클럽,강서구
1529,영헬스피아,강서구
1530,방화역점 스포애니 주)케이디스포츠,강서구
1531,라이프플러스 휘트니스 강서점,강서구
1532,핵 짐,강서구
1533,메이크바디,강서구
1534,단하나피티,강서구
1535,레몬트리짐,강서구
1536,바디코드,강서구
1537,스타짐,강서구
1538,랩스휘트니스 까치산,강서구
1539,피트니스 2.0,강서구
1540,쉐어짐,강서구
1541,GGpark,강서구
1542,아이엔지 휘트니스,강서구
1543,K-휘트니스2,강서구
1544,바디체크짐,강서구
1545,에스핏 피티 스튜디오,강서구
1546,슈퍼맨 짐,강서구
1547,팩토리짐,금천구
1548,바디채널 화곡점,강서구
1549,AKA 크로스핏,강서구
1550,에이블짐 수명산파크점,강서구
1551,아놀드홍 휘트니스 홈플러스 강서점,강서구
1552,마곡레포츠센터,강서구
1553,더 나아짐,강서구
1554,크로스핏 팬덤,강서구
1555,BREAK CALORIE,강서구
1556,WON GYM,강서구
1557,커브스 마곡클럽,강서구
1558,S 메디스포,강서구
1559,마이짐,강서구
1560,아놀드홍 휘트니스 홈플러스 가양점,강서구
1561,카이로스 짐,강서구
1562,백제헬스크럽,강서구
1563,(주)스퀘어짐,강서구
1564,렛츠런 24hour 휘트니스,강서구
1565,아크로짐 발산역점 24시 휘트니스,강서구
1566,바른PT,강남구
1567,휘트니스 팜 마곡센터,강서구
1568,이재규 스포츠 재활,강서구
1569,가양스포츠클럽,강서구
1570,JY FITNESS,강서구
1571,라이트핏,강서구
1572,Coca Muscle 휘트니스,강서구
1573,리썸바디 필라니스,강서구
1574,솔 휘트니스 ＆ 스포츠크리닉,강서구
1575,스카이 토탈 휘트니스 센타,강서구
1576,가양헬스클럽,강서구
1577,에코짐,강서구
1578,해피 휘트니스 클럽,강서구
1579,라이프 휘트니스,강서구
1580,헬스와 필라테스 화곡점,강서구
1581,ML GYM,강서구
1582,아이언 바디,강서구
1583,B-GYM,강서구
1584,MK짐,강서구
1585,ACTIVE 8,강서구
1586,(주)파크짐 서울역점,중구
1587,남스짐,구로구
1588,휘트니스 피플 우먼 구로디지털단지점,구로구
1589,필라트니스,구로구
1590,오렌지 휘트니스,구로구
1591,지오필라테스앤헬스,구로구
1592,EMS 바디발전소,구로구
1593,HJS헬스스튜디오,구로구
1594,아이런 휘트니스,동작구
1595,멋GYM,구로구
1596,드라코짐,구로구
1597,파이어리츠휘트니스,구로구
1598,FORWARD GYM,구로구
1599,팀엑스핏 고척,구로구
1600,원메디짐,구로구
1601,4 in 1 PT,구로구
1602,온리유휘트니스,구로구
1603,짐박스피트니스 구로디지털단지점,구로구
1604,벨로짐 구로점,구로구
1605,활로 피트 매니지먼트,서초구
1606,포에프 트레이닝,구로구
1607,우리 크로스핏 구디,구로구
1608,에이치 제이에스 퍼스널 트레이닝(HJS PT),구로구
1609,머슬96 짐(Muscle96 Gym) 개봉점,구로구
1610,팀엑스핏 개봉,구로구
1611,로키크로스핏,구로구
1612,혁짐,구로구
1613,남구로PT,구로구
1614,다온핏,구로구
1615,(주)리조트휘트니스 PT 구로디지털단지점,구로구
1616,라인팩토리,구로구
1617,핏블리짐 오류본점,구로구
1618,제이짐 휘트니스클럽,구로구
1619,뉴욕휘트니스,구로구
1620,주식회사 데일리앤핏,강남구
1621,제이디엘스포츠클럽,구로구
1622,제니스 스포츠클럽,구로구
1623,고척점 스포애니 주)케이디스포츠,구로구
1624,리커버리 휘트니스,구로구
1625,체인지 업 휘트니스,구로구
1626,조아짐,구로구
1627,바운드짐,구로구
1628,블랙스짐,광진구
1629,아이캔짐,구로구
1630,동양휘트니스,구로구
1631,헬스라이프,구로구
1632,팀레드 휘트니스,구로구
1633,에이블짐 종합운동장역점,송파구
1634,백본 휘트니스,구로구
1635,LIGHT FIT,구로구
1636,더블유티에스(WTS),마포구
1637,코끼리짐,구로구
1638,로망 휘트니스,구로구
1639,신원 건강랜드,구로구
1640,웰브릿지 스포츠,구로구
1641,드바디샵,광진구
1642,DOB휘트니스,구로구
1643,머슬마인드짐,구로구
1644,랩스 휘트니스 구로구청점,구로구
1645,구로디지털점 스포애니 주)케이디스포츠,구로구
1646,에스엔씨멀티짐,구로구
1647,투맨핏,구로구
1648,리얼바디짐 고척점,구로구
1649,오버탑휘트니스,구로구
1650,리얼바디짐 오류점,구로구
1651,노블휘트니스,구로구
1652,라인짐 필라테스 PT,구로구
1653,메이드짐,구로구
1654,Eunoia GYM,구로구
1655,렉시짐,구로구
1656,옐로우 팩토리,구로구
1657,(주)인스타짐 구로디지털단지역점,구로구
1658,클래스짐,구로구
1659,함서Gym 휘트니스,구로구
1660,올라운드짐,구로구
1661,(피투사) FIT U.S.A 신도림점,구로구
1662,워너비짐,구로구
1663,붐파크휘트니스,구로구
1664,Fit Boss GYM,구로구
1665,클래스짐 이엑스,구로구
1666,피티시모,구로구
1667,남스짐 천왕점,구로구
1668,체육시설신규신고(비스트짐),구로구
1669,주식회사 어반필드,구로구
1670,골드헬스,금천구
1671,그린헬스,금천구
1672,슬림한 바디,금천구
1673,건강을담다 season2,금천구
1674,슬림한바디 시흥점,금천구
1675,벽계수 스파,금천구
1676,스포플렉스(가산점),금천구
1677,미진헬스크럽,금천구
1678,신협헬스장,금천구
1679,G.X휘트니스센터,금천구
1680,뉴금천 휘트니스3,금천구
1681,The rebody PT,서초구
1682,거봉 휘트니스,금천구
1683,아메리칸휘트니스,금천구
1684,퍼플짐앤요가,금천구
1685,비타민 휘트니스,금천구
1686,주식회사 더랩스휘트니스 독산,금천구
1687,시흥점 스포애니 (주)케이디스포츠,금천구
1688,RSM 휘트니스,금천구
1689,움 Gym,금천구
1690,바디채널핏 독산점,금천구
1691,에스바디짐,금천구
1692,난곡점 스포애니 (주)케이디스포츠,금천구
1693,쉬리 여성전용 헬스클럽,금천구
1694,지비휘트니스문화센터,금천구
1695,브이,금천구
1696,중앙헬스클럽,금천구
1697,헬스보이짐&골프인 가산역점,금천구
1698,피티플레이스,금천구
1699,주식회사 인스타짐 독산역점,금천구
1700,프로바디핏,금천구
1701,지7 워크아웃(휘트니스),금천구
1702,AMG휘트니스,금천구
1703,에펠짐,금천구
1704,MCT GYM,종로구
1705,일루고짐,금천구
1706,스포애니 가산디지털단지역점,금천구
1707,일루고짐,금천구
1708,리메이크짐,금천구
1709,택짐피티샵,금천구
1710,오운스테이지,금천구
1711,퍼펙트 P.T,금천구
1712,Total Strength GYM,금천구
1713,비트 16 가산점,금천구
1714,ONE PT,금천구
1715,일루고짐,금천구
1716,SOAR GYM,금천구
1717,브로콜리 휘트니스,금천구
1718,에스인핏PT,금천구
1719,핫해짐,금천구
1720,쿠마휘트니스,금천구
1721,파워짐,금천구
1722,웰메이드피티샵,금천구
1723,day one fitness,금천구
1724,제이미 피티 스튜디오,금천구
1725,우리스포렉스,금천구
1726,우림휘트니스클럽,금천구
1727,와우휘트니스,금천구
1728,리메디PT,동대문구
1729,뉴금천휘트니스,금천구
1730,주) 인스타짐,금천구
1731,남진헬스,금천구
1732,메디핏,영등포구
1733,웅짐,영등포구
1734,베이스휘트니스,영등포구
1735,주식회사 업핏,영등포구
1736,테라피트,영등포구
1737,주식회사제임스짐아이에프씨,영등포구
1738,당산역점 스포애니 주)케이디스포츠,영등포구
1739,바디 챌린지,영등포구
1740,리얼바디짐 문래점,영등포구
1741,파텔라,영등포구
1742,머슬팜짐,영등포구
1743,헬스보이짐,영등포구
1744,스트롱무브,영등포구
1745,뷰에르,영등포구
1746,(주) 스포짐 양평점,영등포구
1747,신길동점 스포애니,영등포구
1748,신길PT,영등포구
1749,헬스보이짐,영등포구
1750,포임스포츠클럽,영등포구
1751,푸른숲헬스사우나,영등포구
1752,알파 트레이닝센터,영등포구
1753,짐라이트,서대문구
1754,해군 헬스장,영등포구
1755,코트야드 피트니스 센터,영등포구
1756,위너헬스크럽,영등포구
1757,에버핏 오류점,구로구
1758,무브케어랩 퍼스널트레이닝,서초구
1759,주식회사 영자피트니스 썬프라자,영등포구
1760,온바디짐,관악구
1761,핏타운,영등포구
1762,진풍헬스,영등포구
1763,이도공감,영등포구
1764,헬스보이짐 여의도역점,영등포구
1765,(주)스퀘어짐 당산점,영등포구
1766,쿼터짐,영등포구
1767,코리아 스트렝스(Korea Strength),영등포구
1768,바디클래스,영등포구
1769,크로스핏혼,영등포구
1770,CrossFit Movement,영등포구
1771,크로스핏 킹콩,영등포구
1772,헬스네비 휘트니스,영등포구
1773,프라나(Prana)헬스클럽,영등포구
1774,더 퍼스트 피티 스튜디오,서초구
1775,로그짐 송파역점,송파구
1776,디지피트니스(DG FIT)&골프,영등포구
1777,트레이닝 스튜디오 비칼,영등포구
1778,이루어짐 대림점,영등포구
1779,커브스 당산클럽,영등포구
1780,PT PICK(피티픽),영등포구
1781,팝스짐 스마트,영등포구
1782,짐릿(Gym Lit),마포구
1783,커브스 당산2클럽,영등포구
1784,휴휘트니스,영등포구
1785,맨하탄 체력장,영등포구
1786,아이언짐 신길점,영등포구
1787,(주)데일리짐,동작구
1788,머슬 R.O.K.,양천구
1789,테리온 휘트니스,영등포구
1790,바디소울PT 문정점,송파구
1791,버핏그라운드 역삼 별관 팀버핏 역삼,강남구
1792,드림오브바디,영등포구
1793,휘트니스 바빌론,영등포구
1794,비타민헬스휘트니스,영등포구
1795,헬스존,영등포구
1796,스컬짐,영등포구
1797,김금자 BodyFit,영등포구
1798,백선생운동센터,영등포구
1799,진 휘트니스,영등포구
1800,스포짐(SPOGYM),영등포구
1801,현대카드/캐피탈 휘트니스센터,영등포구
1802,클라우드짐2,영등포구
1803,큐어짐＆큐어필라테스,영등포구
1804,리얼핏짐,강남구
1805,FIT PLE,구로구
1806,터닝핏,영등포구
1807,크로스핏 무브먼트,영등포구
1808,파워존,영등포구
1809,몸애 끌림,영등포구
1810,커브스 문래클럽,영등포구
1811,바디신화,영등포구
1812,Young Gym,영등포구
1813,바디픽스,영등포구
1814,제이제이 피트니스,영등포구
1815,클라우드짐 선유도,영등포구
1816,(주)바디채널 여의도,영등포구
1817,클락짐 당산점,영등포구
1818,온앤온짐,영등포구
1819,(주)아이비스마트,영등포구
1820,신길동 머슬베어,영등포구
1821,코드짐 신길점,영등포구
1822,건강더하기헬스,영등포구
1823,코리아휘트니스,영등포구
1824,GT휘트니스클럽,영등포구
1825,에스(s) 휘트니스,금천구
1826,카인드짐24시 휘트니스& 태닝,도봉구
1827,이지휘트니스,영등포구
1828,건강해짐(Gym),강남구
1829,바디체인지헬스,영등포구
1830,스타트원짐,영등포구
1831,커브스 보라매클럽,영등포구
1832,GT휘트니스 2호점,영등포구
1833,(주)피프티핏,영등포구
1834,FS Garden,영등포구
1835,라온휘트니스&필라테스,영등포구
1836,M2FIT,영등포구
1837,더킹피트니스 2호점,영등포구
1838,고투(GOTO) 여의도,영등포구
1839,크로스핏 타키온,노원구
1840,(주)에이치코어랩,강남구
1841,동네 운동장,동대문구
1842,아라핏 스튜디오,서초구
1843,피트니즈 중곡점,광진구
1844,올바른 PT,영등포구
1845,휴 휘트니스,영등포구
1846,슬릭 여의도캠프,영등포구
1847,LAFIT PT STUDIO,영등포구
1848,FIT-GYM,영등포구
1849,데일리프로젝트 피트니스,영등포구
1850,크로스핏 쿠타짐 영등포,영등포구
1851,원앤온리짐,영등포구
1852,위아핏,영등포구
1853,바르다짐,영등포구
1854,운동메이트,영등포구
1855,헬스보이짐 문래역점,영등포구
1856,클라우드짐 프라임,영등포구
1857,프라임짐,영등포구
1858,WE ARE FITNESS,영등포구
1859,에이블짐 영등포역점,영등포구
1860,스마트짐,동작구
1861,투혼짐,동작구
1862,Keep Fit studio,동작구
1863,혁 PT,동작구
1864,클럽컬리넌,동작구
1865,바디테일러 PT,동작구
1866,피트니스 킹덤,동작구
1867,크로스핏 뉴젠,마포구
1868,바른핏,동작구
1869,주-한국스포츠개발짐리턴,동작구
1870,VIVA LA GYM (비바라짐),동작구
1871,커브스 사당클럽,동작구
1872,어울림 바디클리닉(P.T 샵),동작구
1873,델피 운동센터,중구
1874,트루머슬짐,동작구
1875,더 본짐,동작구
1876,이콩고,동작구
1877,아워러스(OUROUS),동작구
1878,J.J GYM,동작구
1879,모브트레이닝 센터,동작구
1880,근육형제,동작구
1881,주-포스트,동작구
1882,써킷일레븐11(써킷11),동작구
1883,업투 이수역점,동작구
1884,휘트니스 벨라,동작구
1885,엑스 콩고,동작구
1886,얼티밋크로스핏 이수점,동작구
1887,해가든짐,동작구
1888,미라주 휘트니스,동작구
1889,아이언짐2관,동작구
1890,명문헬스클럽,동작구
1891,성원상떼빌 휘트니스,동작구
1892,코드짐,동작구
1893,공간 PT,강서구
1894,엠에이치 토탈 휘트니스 신대방,동작구
1895,플러스버닝 퍼스널트레이닝,동작구
1896,양성주 휘트니스,동작구
1897,피렉스휘트니스센터,동작구
1898,슈트짐(SUIT GYM),동작구
1899,주식회사 피트니스101 을지로,중구
1900,리턴투 필라테스,동작구
1901,크로스핏 포스,동작구
1902,제이디 피티샵,동작구
1903,휘트니스 452,동작구
1904,스마트짐 PT&필라테스,동작구
1905,Vamos Gym,동작구
1906,더블유짐 상도점,동작구
1907,원투원휘트니스,동작구
1908,바디킹PT샵,동작구
1909,(주)킹콩휘트니스,동작구
1910,프레토 휘트니스,동작구
1911,러너 피트니스,동작구
1912,이루어짐,동작구
1913,비엠헬스장,동작구
1914,엔짐,동작구
1915,마크짐 휘트니스,동작구
1916,헤라클레스,동작구
1917,바디 디자인샵,동작구
1918,SMART GYM,동작구
1919,크로스핏 보라매. 엘루이짐,동작구
1920,짐퍼스트 헬스(우성점),동작구
1921,Ground-K,동작구
1922,휘트니스 피플,동작구
1923,커브스 상도클럽,동작구
1924,NEW-OLD GYM,동작구
1925,보라매 휘트니스,동작구
1926,에브리데이짐,동작구
1927,국제 헬스,동작구
1928,모어짐(체력단련장),동작구
1929,YFIT 퍼스널트레이닝,노원구
1930,주- 이수역 헬스장 영자,동작구
1931,펠리스짐,동작구
1932,시즌온짐,관악구
1933,트윈PT,관악구
1934,KuksooL Multi-Gym,관악구
1935,크로스핏 하쿠나마타타 신림,관악구
1936,ESC(elite sporst conditioning GYM),관악구
1937,커브스 낙성대클럽,관악구
1938,다조아짐,관악구
1939,채육관,관악구
1940,fitness SUIT,관악구
1941,에이오 짐,관악구
1942,런 서울대입구,관악구
1943,에이오짐,관악구
1944,폴인핏(FALL IN FIT),관악구
1945,동방짐 피트니스,관악구
1946,모아핏휘트니스 낙성대역점,관악구
1947,텐퍼센트 짐,관악구
1948,짐박스피트니스 신림2호점,관악구
1949,With Gym(위드짐),관악구
1950,Re:BODY 헬스 365,관악구
1951,레코브,관악구
1952,천프로짐,관악구
1953,에이치코어낙성대점,관악구
1954,러너스하이 피트니스 신림,관악구
1955,PHOENIX 휘트니스 클럽,관악구
1956,더 스테이 짐(The Stay Gym),관악구
1957,고핏 피트니스,관악구
1958,힙짐(HIP GYM),관악구
1959,조이풀 피티샵,관악구
1960,핏 바디 짐,관악구
1961,유얼스짐 신대방역점,관악구
1962,:O GYM,관악구
1963,설핏,관악구
1964,데일리PT스튜디오,관악구
1965,휘트니스 에일린,관악구
1966,제이디피티샵,관악구
1967,짐박스 신림3호점,관악구
1968,VIP프린스휘트니스,관악구
1969,무브라이프짐,관악구
1970,터틀짐(Turtle Gym),관악구
1971,더 슈트(The SUIT),관악구
1972,하이엔드핏 PT,성동구
1973,이너핏,관악구
1974,GOGO점핑 다이어트,관악구
1975,슬림한바디PT 서울대입구점,관악구
1976,짐 인 더 하우스 2호점,관악구
1977,피트니스 FM,관악구
1978,천샘PT,관악구
1979,와이짐,관악구
1980,제이케이핏(2호점),도봉구
1981,피티나인,관악구
1982,우리 크로스핏 지엘짐 역도체육관 본점,관악구
1983,에이치코어,관악구
1984,바디에프오 낙성대점,관악구
1985,웨슬리짐,관악구
1986,유얼스짐 구로디지털점,관악구
1987,아크로 휘트니스,관악구
1988,동방헬스타운,관악구
1989,짐박스피트니스 봉천점,관악구
1990,서울대입구점 스포애니 주)케이디스포츠,관악구
1991,블랙멀티짐(서울대점),관악구
1992,엠에프(MF),관악구
1993,파운드 짐,관악구
1994,선샤인핏,관악구
1995,2351 필라테스&짐,관악구
1996,웨슬리짐,관악구
1997,근육터짐 지방빠짐,관악구
1998,R.F Shop(알에프샵),관악구
1999,다름 PT STUDIO 낙성대,관악구
2000,정피트니스,관악구
2001,동방 짐,관악구
2002,파워존 낙성대점,관악구
2003,얼티밋크로스핏 서울대점,관악구
2004,PT DAY,관악구
2005,바디짐 휘트니스,관악구
2006,영 휘트니스,관악구
2007,레드우드 휘트니스,관악구
2008,자마이카휘트니스,관악구
2009,HERO GYM,관악구
2010,헬스119,관악구
2011,낙성대점 스포애니 주)케이디스포츠,관악구
2012,교통문화교육원 헬스크럽,관악구
2013,보라매점 스포애니 주)케이디스포츠,관악구
2014,봉일스파랜드,관악구
2015,짐박스피트니스 난곡점,관악구
2016,럭키헬스클럽,관악구
2017,SY GYM,관악구
2018,주식회사 관악투엑스휘트니스,관악구
2019,짐 인 더 하우스(Gym in the house),관악구
2020,에스엠 휘트니스,관악구
2021,플렉스짐,관악구
2022,The Gym : 魂 (더 짐 : 혼),관악구
2023,피트니스키 FITNESSKI,노원구
2024,커브스 봉천클럽,관악구
2025,소울핏 2호점,동대문구
2026,고핏 퍼스널트레이닝,관악구
2027,동방헬스장,관악구
2028,Him PT,관악구
2029,온오프짐,관악구
2030,D.O.B 휘트니스,관악구
2031,자마이카 짐,관악구
2032,휘트니스에프엠,관악구
2033,휘트니스 에프엠,관악구
2034,서울대학교 Double S Fitness,관악구
2035,더 스페셜 짐,관악구
2036,엑스(x)휘트니스,서초구
2037,휘트니스피플 우먼 서울대점,관악구
2038,CMB피트니스,관악구
2039,스포짐,관악구
2040,은천점 스포애니 주)케이디스포츠,관악구
2041,휘트니스피플 신림점,관악구
2042,KUTA,관악구
2043,제임스킬짐,관악구
2044,얼티밋크로스핏 난곡점,관악구
2045,JS GYM,관악구
2046,곰짐(Gom Gym),관악구
2047,제이짐,관악구
2048,텐 퍼센트(TEN PERCENT),관악구
2049,태선생 운동건강연구원(저스트바디짐),관악구
2050,바디트레이닝(미),관악구
2051,혁PT,관악구
2052,운동하는날 서울대봉천점,관악구
2053,짐박스피트니스 신림4호점,관악구
2054,리메이크바디샵,관악구
2055,이동근 바디퍼포먼스,서초구
2056,엠퍼스널트레이닝서초,서초구
2057,발리휘트니스(BALI Fitness),서초구
2058,퍼스트짐,서초구
2059,골드에스 휘트니스 필라테스 서초점,서초구
2060,피트니스솔루션,서초구
2061,오늘하루운동,서초구
2062,(주)에이블짐 교대역점,서초구
2063,베스트 오브 벨리,서초구
2064,클럽몬스터(CLUB MONSTER),서초구
2065,온더피티스튜디오 서초점,서초구
2066,라이프짐 서원역점,관악구
2067,지핏 지타워피트니스(G-Fit G-Tower Fitness),구로구
2068,로그짐,서초구
2069,히스토리,서초구
2070,러브유어바디 피티 스튜디오,서초구
2071,블랙포스짐 교대점,서초구
2072,에브리데이 PT,서초구
2073,릿업핏PT,관악구
2074,(주)다이나믹케어,서초구
2075,파인어스PT,서초구
2076,매일핏,서초구
2077,주식회사 비욘드 더브랜드,서초구
2078,F45 교대,서초구
2079,아틀라스 트레이닝(Atlas),서초구
2080,글로우짐,서초구
2081,서초헬스크럽,서초구
2082,the Fitness LAB,서초구
2083,벧쎌RC,서초구
2084,파인휘트니스,서초구
2085,에이제이짐,서초구
2086,옵티멀휘트니스(optimal fitness),서초구
2087,(주)그레이트짐,서초구
2088,드림팩토리(Dream Factory),서초구
2089,피트니스 타임,서초구
2090,라비아 피트니스,서초구
2091,마커스짐,서초구
2092,삼성물산 서초사옥휘트니스,서초구
2093,토마토휘트니스클럽,서초구
2094,아유짐,서초구
2095,에스짐 신정네거리역점,양천구
2096,Lion GYM,서초구
2097,파워슈로스 운동센터,서초구
2098,서래,서초구
2099,하이드파크,서초구
2100,마이다스 스튜디오,서초구
2101,Training-Parc(트레이닝파크),서초구
2102,이수역점 스포애니 주)케이디스포츠,서초구
2103,고투(GOTO) 방배,서초구
2104,(주)더 파스칼,서초구
2105,테라 짐,서초구
2106,HAVEN,서초구
2107,바디엔지니어,서초구
2108,대한퍼스널트레이너협회,서초구
2109,어메이짐(Amazym),서초구
2110,(주)잠원투엑스휘트니스,서초구
2111,비바라짐,서초구
2112,퍼스널 트레이닝 S,서초구
2113,폴인핏 신림점,관악구
2114,포텐PT,강남구
2115,바디메이크업(256),서초구
2116,뱅뱅사거리점 스포애니 (주)케이디스포츠,서초구
2117,코아텔휘트니스클럽,서초구
2118,대한퍼스널트레이닝,서초구
2119,헬싱타운,서초구
2120,멋짐헬스PT,서초구
2121,스카이스포츠,서초구
2122,타워 휘트니스(TOWER FITNESS),서초구
2123,버터짐,서초구
2124,휴메이크 휘트니스,서초구
2125,딸기짐,서초구
2126,안전지대 휘트니스,서초구
2127,우정스포츠,서초구
2128,듀발휘트니스,서초구
2129,마이짐(MY GYM),서초구
2130,더베스트짐,서초구
2131,피트니스팩토리24,서초구
2132,NKB PT GYM,서초구
2133,비컴스 피트니스,서초구
2134,Fit To be 815,서초구
2135,김재환짐,서초구
2136,고마워 휘트니스,서초구
2137,현대헬스,서초구
2138,헬스토피아,서초구
2139,골드헬스클럽,서초구
2140,플레이핏 앤 필라테스,서초구
2141,플라이 짐,서초구
2142,MKG 피트니스,서초구
2143,쥬빌짐,서초구
2144,티랩스튜디오 시그니처 서초점,서초구
2145,G.O PT Studio,서초구
2146,강남역2호점 스포애니 주)케이디스포츠,서초구
2147,핏바디스튜디오,서초구
2148,더 스토리짐,서초구
2149,달라짐,서초구
2150,(주)휴메이크,서초구
2151,골든 크라운 크로스핏,서초구
2152,H Core Fitness,서초구
2153,휴짐나지움,서초구
2154,4TP fitness,서초구
2155,잠원스포츠파크,서초구
2156,MN휘트니스,서초구
2157,펠리체PT스튜디오,서초구
2158,비바라짐 (신논현),서초구
2159,바디워크,서초구
2160,썸머짐,서초구
2161,그린헬스,서초구
2162,크로스핏 제니아,서초구
2163,헬스보이짐 신논현점,서초구
2164,달라짐(Dalla GYM) PT studio,서초구
2165,피트니스 스퀘어,서초구
2166,로얄바디짐,서초구
2167,포커스 핏,서초구
2168,스피드순환운동,서초구
2169,언남문화체육센터,서초구
2170,GYM승,서초구
2171,소울앤드바디,서초구
2172,갤럭시아스포츠클럽 더케이호텔점,서초구
2173,브랜뉴짐,서초구
2174,올핏 운동헬스케어 매니지먼트,서초구
2175,719 studio,서초구
2176,얼티밋 크로스핏 방배점,서초구
2177,헐크짐,서초구
2178,리얼핏,서초구
2179,탑,서초구
2180,발리토탈휘트니스,서초구
2181,C&S휘트니스,서초구
2182,어반액티브,서초구
2183,위아더 휘트니스,서초구
2184,Finest Private Gym,서초구
2185,에이블짐 신논현역,서초구
2186,(주)영자피트니스 이수방배,서초구
2187,방배역점 스포애니 주)케이디스포츠,서초구
2188,휘트니스 모션,서초구
2189,우성A휘트니스,서초구
2190,마하헬스크럽,서초구
2191,휘트니스에프엠 교대점,서초구
2192,짐홀릭,서초구
2193,주식회사중평알앤에스,서초구
2194,더 바른PT STUDIO,강서구
2195,발할라짐,서초구
2196,그린짐,서초구
2197,한전아트센터스포츠클럽,서초구
2198,우성헬스 2,서초구
2199,휘트니스짐,서초구
2200,SH메디휘트니스,서초구
2201,몸가짐휘트니스 건대입구점,광진구
2202,애플짐반포점,서초구
2203,운동하는날,서초구
2204,바디스펙트럼,서초구
2205,불스짐 강서구청사거리점,강서구
2206,스포니스 교대점,서초구
2207,빅브로짐 휘트니스,서초구
2208,바디녹스짐,서초구
2209,YS PT,서초구
2210,파프짐,서초구
2211,앤써 휘트니스,서초구
2212,반포짐,서초구
2213,짐엑스텐,서초구
2214,방배휘트니스클럽,서초구
2215,제이디아이스포츠,서초구
2216,코리아짐,서초구
2217,아이러브 휘트니스,서초구
2218,파워짐헬스크럽,서초구
2219,9's(나인스) PT STUDIO,서초구
2220,하이폭시코리아,서초구
2221,더쉐이프,서초구
2222,클래스짐,서초구
2223,Gym 360+,서초구
2224,주식회사 힐링스짐,서초구
2225,코어핏(Corefit),서초구
2226,TenTen Fitness,서초구
2227,The Better GYM,서초구
2228,빌더바디(Build The Body),서초구
2229,리커버리 퍼스널 트레이닝 센터,서초구
2230,아크피티스튜디오,서초구
2231,스포니스 반포점,서초구
2232,포커스 핏,서초구
2233,알앤디피티,서초구
2234,닥터 펠리체 짐,서초구
2235,뉴페이스짐,중랑구
2236,윤형준 트레이닝센터,서초구
2237,서리풀PT,서초구
2238,액트짐 반포점,서초구
2239,바디 아티스트,서초구
2240,라곰(LAGOM),서초구
2241,PT Lab Bangbae,서초구
2242,반포휘트니스사우나,서초구
2243,교대역점 스포애니 (주)케이디스포츠,서초구
2244,(주)바디스타,서초구
2245,다이아몬드짐 헬스,서초구
2246,피디컬짐,서초구
2247,테라피티,서초구
2248,퍼펙트짐,금천구
2249,비바라짐 내방점,서초구
2250,PT MATE,서초구
2251,짐에브리원,서초구
2252,로그짐 서초우성점,서초구
2253,교대PT,서초구
2254,바른밸런스 PT STUDIO,서초구
2255,슬릭 교대캠프,서초구
2256,타임 투 짐(TIME TO GYM),서초구
2257,로그짐 강남역점,서초구
2258,헬링짐,서초구
2259,네이처바이트 주식회사,서초구
2260,서래마을 체육관,서초구
2261,바디스펙트럼2,서초구
2262,바디메뉴얼,서초구
2263,S&C physical center,서초구
2264,빌리프짐 양재역점,서초구
2265,김민철 트레이닝,서초구
2266,HANT,서초구
2267,더짐 주식회사,서초구
2268,더바디코치,서초구
2269,라겟옴,서초구
2270,마커스 재활운동,서초구
2271,바른다짐 퍼스널 트레이닝,서초구
2272,짐파서블,서초구
2273,파란헬스살롱,서초구
2274,아몬드짐,서초구
2275,머슬메모리휘트니스,서초구
2276,짐 레빗(Gym Revit),서초구
2277,(주)올리바컴퍼니,서초구
2278,바라다짐,서초구
2279,웨이브휘트니스,서초구
2280,핏그라운드,서초구
2281,프로젝트핏,서초구
2282,GOTO 서브 반포점,서초구
2283,피치짐,서초구
2284,HEYDAY PT STUDIO,서초구
2285,T.H STUDIO,서대문구
2286,대청spo5,강남구
2287,(주)바운스 트램폴린파크 삼성센터,강남구
2288,바디핏 스타일,강남구
2289,로그짐 강남구청점,강남구
2290,Thera PT,강남구
2291,로그짐 역삼점,강남구
2292,블랙포스짐,강남구
2293,어반스튜디오,강남구
2294,서세호 PT&PILATES,강남구
2295,최원준 GYM,강남구
2296,ARC PT STUDIO,강남구
2297,F45 트레이닝 강남,강남구
2298,R&FIT,강남구
2299,24시 PT&태닝,강남구
2300,안강병원 헬스장,강남구
2301,(주)피엠코퍼레이션,강남구
2302,(주)스포짐 옐로우,강남구
2303,헬스보이짐 학동역점,강남구
2304,(주)더프라자 언주,강남구
2305,This is fitness,강남구
2306,테라피티,강남구
2307,선릉역점 스포애니,강남구
2308,액트짐 논현점,강남구
2309,이원다이애그노믹스(주) (EDGC),강남구
2310,디엔엘고,강남구
2311,오피티스튜디오,강남구
2312,min to MAX,강남구
2313,올플렉스짐,강남구
2314,운동중,강남구
2315,PT studio one,강남구
2316,큐벨로(QVELO),강남구
2317,ROD Fitness,강남구
2318,움직이는 공간,강남구
2319,운동장,강남구
2320,위고짐(WEGO GYM),강남구
2321,체육관 1호,강남구
2322,아토즈무브,강남구
2323,피트인 피트니스,강남구
2324,RF 트레이닝 스튜디오,강남구
2325,청담짐,강남구
2326,DIVE GYM PRIVATE,강남구
2327,다짐,강남구
2328,PT ONE,강남구
2329,라파짐엔 필라테스,강남구
2330,노크 프로젝트,강남구
2331,바디스 짐,강남구
2332,제이투짐,강남구
2333,닥터포바디 퍼스널 트레이닝,강남구
2334,제이슨의 V트레이닝(체대친구들 오프라인센터),강남구
2335,워너비즈,강남구
2336,주식회사 어센트 스포츠,강남구
2337,에스앤제이헬스케어,강남구
2338,로그짐 압구정점,강남구
2339,숀리엔한진 네츄럴 바디스쿨,강남구
2340,에이트바디,강남구
2341,크로스핏 강남(언주),강남구
2342,위크로스핏 양재,강남구
2343,버드레인,강남구
2344,소프트 실버타입,강남구
2345,파트너짐,강남구
2346,바디스 짐,강남구
2347,현대앤드쓰리,강남구
2348,머슬엑스,강남구
2349,플레이존스포츠(Playzone),강남구
2350,올댓바디,강남구
2351,매드핏,강남구
2352,피트니스 일레븐,강남구
2353,주식회사 진스엠파워,강남구
2354,커브스 개포클럽,강남구
2355,Beyond Fitness Club,강남구
2356,Hoon fit(훈핏),강남구
2357,피트니스플랜비,강남구
2358,나비드짐,강남구
2359,스카이짐,강남구
2360,화이트짐 강남점,강남구
2361,식스컷츠,강남구
2362,무드짐,강남구
2363,하이라이트핏(HILIGHT FIT),강남구
2364,주식회사 기븐 플러스,강남구
2365,도산짐,강남구
2366,피지컬 케어&짐,강남구
2367,스?온 서울,강남구
2368,트레인트루(Traintrue),강남구
2369,로그짐 학동점,강남구
2370,핏앤 리프트,강남구
2371,에이블짐 압구정로데오점,강남구
2372,더 클래식 바디랩,강남구
2373,어썸어스,강남구
2374,디스이즈 피트니스,강남구
2375,업투 삼성역점,강남구
2376,Halona gym(할로나짐),강남구
2377,글램핏 PT&필라테스,강남구
2378,큐짐,강남구
2379,바비스튜디오,강남구
2380,에슬레틱 플로우,강남구
2381,베네핏짐,강남구
2382,고PT,강남구
2383,스타디온 삼성,강남구
2384,스케치바디PT&필라테스,강남구
2385,허니짐,강남구
2386,86 피티(PT),강남구
2387,오엠짐,강남구
2388,Back Gym(백짐),강남구
2389,피크핏(PEAKFIT),강남구
2390,AIM-FIT(에임핏),강남구
2391,버핏그라운드 역삼,강남구
2392,다짐 PT,강남구
2393,비나이더 피트니스 청담점,강남구
2394,마이짐 피트니스,강남구
2395,GAME CHANGER(게임체인저),강남구
2396,니드핏(Need Fit),강남구
2397,(주)조선호텔앤리조트 센터필드 피트니스클럽,강남구
2398,윔짐,강남구
2399,리스튜디오,강남구
2400,슬릭 강남 캠프,강남구
2401,이루짐 피티샵,강남구
2402,STV 피지컬 퍼포먼스짐,강남구
2403,Pers fitness,강남구
2404,크로스핏 라임라잇(주),강남구
2405,나비드짐 PT&필라테스 선릉점,강남구
2406,63피트니스,강서구
2407,(주)신안관광 호텔리베라 체력단련장,강남구
2408,블루덤벨 휘트니스,강남구
2409,206짐,강남구
2410,F45 트레이닝 역삼,강남구
2411,MASTER GYM(마스터짐 앤 필라테스),강남구
2412,바디튜토리얼,강남구
2413,한티역점 스포애니 주)케이디스포츠,강남구
2414,액트짐 신논현점,강남구
2415,타잇바디짐,강남구
2416,커브스 세곡클럽,강남구
2417,김성환짐,강남구
2418,짐타운,강남구
2419,프로짐,강남구
2420,온더피티 스튜디오,강남구
2421,토탈케어 컴퍼니,강남구
2422,온유어짐 PT studio 압구정,강남구
2423,빌리프짐 선릉역점,강남구
2424,알이에스피(RES.P),강남구
2425,펀짐,강남구
2426,청담피트니스,강남구
2427,리프트짐,강서구
2428,F45 신논현,강남구
2429,강남피티,강남구
2430,플로우핏,강남구
2431,스타휘트니스 246,강남구
2432,엠엔휘트니스,강남구
2433,트라이앵글,강남구
2434,고알레 클럽하우스,강남구
2435,Health in,강남구
2436,리미트리스 짐,강남구
2437,로그짐 삼성점,강남구
2438,올댓바스켓,강남구
2439,TABFIT,강남구
2440,한마음(125),강남구
2441,상아(129),강남구
2442,클럽케이 서울 휘트니스,강남구
2443,미도헬스클럽(55),강남구
2444,휘트니스클럽 36.5(288),강남구
2445,잭스 피트니스,강남구
2446,저스트PT,중랑구
2447,(주)케이에스 스포짐컴퍼니,강남구
2448,유성 스포츠센터,강남구
2449,바디랑 필라테스 스튜디오,강남구
2450,크로스핏 압구정(344),강남구
2451,에이디스짐(337),강남구
2452,INUS 휘트니스(340),강남구
2453,핏엔젤1호,강남구
2454,참짐(475),강남구
2455,BNB 퍼스널 트레이닝 스튜디오,강남구
2456,멤버쉽 휘트니스 플레이 바이 어스,강남구
2457,마음가짐,강남구
2458,BM,강남구
2459,3Y짐,서대문구
2460,린 필라테스 앤 엑서프리(343),강남구
2461,라인에 반하다(305),강남구
2462,오늘PT,강남구
2463,맥스 퍼스널 트레이닝&테라피 스튜디오(440),강남구
2464,핏 투 핏,강남구
2465,브이엠휘트니스 삼성점,강남구
2466,주식회사 강남투엑스휘트니스(445),강남구
2467,WAGAGYM 압구정점,강남구
2468,B&B(143),강남구
2469,(의)성광의료재단 차움의원(444),강남구
2470,엠엔휘트니스 3호점(447),강남구
2471,크로스핏 강남(352),강남구
2472,힙업학원,강남구
2473,성피티짐[SungPT Gym](354),강남구
2474,Ace private gym(355),강남구
2475,엠엔휘트니스 2호점(436),강남구
2476,휘트니스모션,강남구
2477,바름PT,강남구
2478,닥터피티,강남구
2479,페인스톰 청담(358),강남구
2480,코어짐(Core Gym),강남구
2481,라비아 피트니스,강남구
2482,모모스크린골프,강남구
2483,역삼역점 스포애니 (주)케이디스포츠,강남구
2484,우성스포츠센터,강남구
2485,바디핏 휘트니스,강남구
2486,짐어스,강남구
2487,피트니스 에비뉴[Fitness Avenue](454),강남구
2488,바디바이블(455),강남구
2489,SMFIT운동센터(479),강남구
2490,NY GYM,강남구
2491,에클라트 휘트니스(484),강남구
2492,스타짐23,강남구
2493,ONE TO ONE GYM(473),강남구
2494,K.P.T(432),강남구
2495,크로스핏 강남 삼성,강남구
2496,미진휘트니스(64),강남구
2497,바디랩,강남구
2498,보리스 짐,강남구
2499,킬러짐,강남구
2500,핏플로우 짐,강남구
2501,JP Station,강남구
2502,GOTO 논현,강남구
2503,화이트짐,강남구
2504,엠투헬스클럽(70),강남구
2505,제임스짐(100),강남구
2506,행복한 눈물 퍼스널 트레이닝,강남구
2507,GYM HOLEEDAY,강남구
2508,아트지짐,강남구
2509,TEAM ANSWER PT SHOP,강남구
2510,더바른몸,강남구
2511,짐퍼스트 휘트니스 수서,강남구
2512,바디스쿨(350),강남구
2513,광혜헬스스포츠센타(111),강남구
2514,휘슬러휘트니스(112),강남구
2515,알통맨 휘트니스크럽(119),강남구
2516,PT하우스(253),강남구
2517,크라운육체미도장(88),강남구
2518,헬스보이짐 선릉점,강남구
2519,엑슬휘트니스(203),강남구
2520,크라크라짐,강남구
2521,모건필라테스&PT,강남구
2522,헤세드(274),강남구
2523,골든핏 프라이빗 짐(275),강남구
2524,(주)제이브로짐,강남구
2525,피트니스 카디오(380),강남구
2526,아크로짐 논현점,강남구
2527,짐퍼스트 청담,강남구
2528,아일짐(ISLE GYM),강남구
2529,윤형준 트레이닝센터,강남구
2530,운동장,강남구
2531,투스타짐(2star gym),강남구
2532,더스타일짐[386],강남구
2533,GOTO 청담,강남구
2534,바운싱휘트니스[385],강남구
2535,빌드업 운동센터,강남구
2536,FITNESS_G(451),강남구
2537,주)애플짐 강남지점(452),강남구
2538,식스 밸런스(SIX BALANCE),강남구
2539,함스짐(HAMS GYM)2호점,강남구
2540,크리스탈 휘트니스(258),강남구
2541,에이 컵(A cub),강남구
2542,정직한 PT&필라테스(430),강남구
2543,탁구앤짐,관악구
2544,J.bro(242),강남구
2545,크로스핏 볼케이노[388],강남구
2546,짐 다운 GYM,강남구
2547,테헤란로점 스포애니 (주)케이디스포츠,강남구
2548,피트니스나인,강남구
2549,애플짐 휘트니스(263),강남구
2550,커브스 삼성클럽(264),강남구
2551,더블케이짐,강남구
2552,스타트레인(244),강남구
2553,스포테라,강남구
2554,미도휘트니스(246),강남구
2555,J Gym(249),강남구
2556,MK 휘트니스(250),강남구
2557,청담 엑티브짐,강남구
2558,(주)엠브이피짐,강남구
2559,버핏그라운드 도곡 팀버핏 도곡,강남구
2560,모두짐,광진구
2561,JACEANNA Personal training(269),강남구
2562,맥스 퍼스널 트레이닝 스튜디오(271),강남구
2563,리커버헬스&필라테스,구로구
2564,휘트니스2.0(290),강남구
2565,휘트니스 클리닉(294),강남구
2566,포에테스(272),강남구
2567,어썸어스 스튜디오,강남구
2568,머슬맥스튜디오(284),강남구
2569,AC호텔 바이메리어트 서울강남,강남구
2570,JP Gym(255),강남구
2571,베드로크리닉(413),강남구
2572,대치 인,강남구
2573,투엑스 휘트니스(293),강남구
2574,저스트짐,강남구
2575,STEADY(스테디),강남구
2576,슬림앤스트롱(328),강남구
2577,헬스 IHL PT studio,강남구
2578,그레이스 프라이빗 짐(427),강남구
2579,발레핏 코리아(424),강남구
2580,주식회사 애플짐 역삼,강남구
2581,슬림 투 바디(SLIM TO BODY GYM)(300),강남구
2582,드림팩토리짐,강남구
2583,논현역점 스포애니 주)케이디스포츠,강남구
2584,역삼 스포애니 주)케이디스포츠,강남구
2585,일모션(329),강남구
2586,코지짐(330),강남구
2587,최용욱PTS(331),강남구
2588,앤드핏 청담,강남구
2589,오브 휘트니스,강남구
2590,드림스타 휘트니스(323),강남구
2591,F&G 피트니스&골프 재활센터,강남구
2592,Felix Gym,강남구
2593,원바디 퍼스널 트레이닝 스튜디오(378),강남구
2594,모스트피티랩(379),강남구
2595,매드짐(MAD GYM),강남구
2596,머슬마인드 강남구청점,강남구
2597,1984PTstudio(461),강남구
2598,서프라이즈짐,강남구
2599,휘트니스 클리닉[399],강남구
2600,휴메이크 휘트니스,강남구
2601,펫버닝(201호202호),강남구
2602,알파짐[Alpha Gym](456),강남구
2603,하와이짐(462),강남구
2604,(주)제이브로짐,강남구
2605,No.1 GYM(402),강남구
2606,바디트레인,강남구
2607,근핏,동작구
2608,프라이멀짐(404),강남구
2609,바디스 20 EMS(406),강남구
2610,나누리운동센터(176),강남구
2611,겟업(GET UP),강남구
2612,모즈메디짐(409),강남구
2613,대치동점 스포애니 주)케이디스포츠,강남구
2614,엑티브짐(416),강남구
2615,유나이티드스포츠센터(178),강남구
2616,아트짐토탈휘트니스(179),강남구
2617,유휘트니스(123),강남구
2618,휴메이크 휘트니스(420),강남구
2619,유니핏 선릉점,강남구
2620,(주)올어바웃바디,강남구
2621,헬스보이짐 강남역점,강남구
2622,강남역1호점 스포애니 주)케이디스포츠,강남구
2623,파프짐 도곡점,강남구
2624,하프 앤 더블(319),강남구
2625,건강한너,강남구
2626,투엑스휘트니스컨설팅(주),강남구
2627,팔로우짐,강남구
2628,루카(LK)스포츠,강남구
2629,이엠핏&필라테스,강남구
2630,슈퍼코어,강남구
2631,에스화인센터(194),강남구
2632,프라이어강남점(195),강남구
2633,힐리언스코어운동센타(삼성점)(196),강남구
2634,휘트니스2.0(197),강남구
2635,THE GYM,강남구
2636,킹핏(334),강남구
2637,더핏(335),강남구
2638,TDI-SSC스포츠클리닉(184),강남구
2639,헬스파르타클럽(369),강남구
2640,바운드 짐 화곡역점,강서구
2641,휴메이크 휘트니스,강남구
2642,바디스페이스(371),강남구
2643,휴메이크 휘트니스,강남구
2644,본 스토리,강남구
2645,삼성피트니스(217),강남구
2646,W 헬스(218),강남구
2647,바디스페이스(219),강남구
2648,크로스핏 강남 논현(222),강남구
2649,스타휘트니스(220),강남구
2650,싸다휘트니스,강남구
2651,마크짐(압구정역점),강남구
2652,피티 아지트(PT AZIT),강남구
2653,U.N.D 퍼스널트레이닝,강남구
2654,더바른케어(367),강남구
2655,diamond fit,강남구
2656,(주)마이다스(362),강남구
2657,파프짐(365),강남구
2658,엠브이엠,강남구
2659,에듀게이트,강남구
2660,김성훈 골프아카데미,강남구
2661,MADFIT.PRO(366),강남구
2662,바디셀프,강남구
2663,반듯핏,강남구
2664,엠퍼스널 트레이닝,강남구
2665,Golden time studio,강남구
2666,GYM609,강남구
2667,다이나믹,강남구
2668,골드짐24시(71),강남구
2669,젠틀짐(GENTLE GYM),강남구
2670,Awaken Strength,강남구
2671,에스핏 퍼스널 트레이닝,강남구
2672,주식회사 기븐,강남구
2673,미도핏,강남구
2674,Success Gym,강남구
2675,로그짐 PT 선릉점,강남구
2676,CD BOXING FIT,강남구
2677,(주)일원투엑스휘트니스,강남구
2678,해피플러스 PT센터,동작구
2679,정원 짐 앤 스튜디오(JW Gym & Studio),강남구
2680,컴앤씨,강남구
2681,원픽,강남구
2682,S&R맞춤운동센터,강남구
2683,애니타임피트니스 역삼점,강남구
2684,프라이빗 짐,강남구
2685,채움 P.T,송파구
2686,The third Place,송파구
2687,아이디얼 필라테스,송파구
2688,CLUB GYM,송파구
2689,브이아이피짐(VIPGYM) 방이점,송파구
2690,Move Gym,송파구
2691,크로스핏 송파,송파구
2692,더 메이트,송파구
2693,커브스 석촌클럽,송파구
2694,(주)한국그룹운동개발원,송파구
2695,위메이트핏,송파구
2696,효 GYM,송파구
2697,트윈짐,송파구
2698,라이트짐,송파구
2699,박제성 운동케어 CHI & FIT 퍼스널 트레이닝,송파구
2700,커브스 잠실클럽,송파구
2701,올바로 짐,송파구
2702,더블에스휘트니스,송파구
2703,페인스톰 잠실,송파구
2704,가디언 오브 갤럭시 PT,송파구
2705,바디러너스 주식회사,송파구
2706,유니핏,송파구
2707,키워GYM,송파구
2708,배럴스트렝스,송파구
2709,바른PT스튜디오,송파구
2710,민스맞춤운동센터,송파구
2711,피트니즈,송파구
2712,짐스휘트니스,송파구
2713,한성기업(주)르네상스휘트니스클럽,송파구
2714,슈나이더 짐,송파구
2715,H휘트니스,송파구
2716,라인핏,송파구
2717,IGYM(아이짐),송파구
2718,문정1호점 스포애니 (주)케이디스포츠,송파구
2719,재단법인국민체력센터,송파구
2720,코치짐,송파구
2721,짐퍼스트 법조타운,송파구
2722,트레이닝타임,송파구
2723,짐포유(GYM FOR U),송파구
2724,헬스토피아(WE),송파구
2725,골든짐,송파구
2726,JUST 1 PERSONAL TRAINING,송파구
2727,슈퍼스타 휘트니스,송파구
2728,현민헬스클럽,송파구
2729,바디퓨처,송파구
2730,쏠 트레이닝 센터(SOL Training Center),송파구
2731,라이즈업 피티짐,송파구
2732,Rock Body GYM,송파구
2733,아이디얼핏,송파구
2734,더 웰짐,송파구
2735,리복크로스핏문정,송파구
2736,바디클락,송파구
2737,아미부트캠프,송파구
2738,피오,송파구
2739,잠실피트니스,송파구
2740,운동케어짐,송파구
2741,청우인터엠,송파구
2742,송파점 스포애니 (주)케이디스포츠,송파구
2743,RESTART GYM,송파구
2744,마이밸런스 프라이빗 PT짐 서초점,서초구
2745,젠틀브로스짐,송파구
2746,근육터짐 지방빠짐 2호점,송파구
2747,이모션 짐,송파구
2748,더랩스휘트니스석촌,송파구
2749,바디퍼포먼스짐,송파구
2750,크로스핏 힙스터 (Crossfit Hipster),송파구
2751,스포웰짐,송파구
2752,H2GYM (에치치투짐),송파구
2753,DOUBLE S GYM,송파구
2754,바디웍,송파구
2755,골든짐,송파구
2756,커브스거여클럽,송파구
2757,몬스터P.T 뷰티필라테스,송파구
2758,짐퍼스트 휘트니스,송파구
2759,이코리아PTGYM,송파구
2760,크로스핏 에이블,송파구
2761,더디젤,송파구
2762,티엔슈튜디오,송파구
2763,flex gym,송파구
2764,핏존,송파구
2765,위너핏,송파구
2766,올림픽선수촌스포츠센타,송파구
2767,크로스핏앤서,송파구
2768,송파커브스,송파구
2769,튼튼해짐,송파구
2770,GYM1ST(짐퍼스트),송파구
2771,커브스잠실나루클럽,송파구
2772,파이널짐,송파구
2773,제이팀,송파구
2774,Dr.Line PT GYM,송파구
2775,2K gym,송파구
2776,더 랩스 피트니스 삼전,송파구
2777,시너지 피티 앤 필라테스,송파구
2778,휴메이크 휘트니스,송파구
2779,V-GYM,송파구
2780,몸 PT,송파구
2781,바디웍,송파구
2782,네추럴 홍 휘트니스,송파구
2783,데일리 피트니스,송파구
2784,DM휘트니스,송파구
2785,워터힐 헬스,동작구
2786,글로리짐,송파구
2787,오웰,송파구
2788,Back Fituess,송파구
2789,스포존,송파구
2790,마크짐,송파구
2791,퍼스트 휘트니스,송파구
2792,바디플래너,송파구
2793,다이나믹 짐,송파구
2794,콕스다이어트,송파구
2795,삼전W짐,송파구
2796,마크짐휘트니스,송파구
2797,(주)잠실투엑스 휘트니스,송파구
2798,정락신용협동조합,송파구
2799,우정휘트니스클럽,송파구
2800,휴메이크 휘트니스,송파구
2801,롯데호텔 휘트니스센터,송파구
2802,로그짐 잠실새내점,송파구
2803,큐이디골프아카데미 잠실점,송파구
2804,Refresh PT Gym,송파구
2805,MUTO FIT,송파구
2806,제임스짐JS점,송파구
2807,올림픽헬스교실,송파구
2808,잠실점 스포애니 (주)케이디스포츠,송파구
2809,커브스문정클럽,송파구
2810,더드림 피트니스,송파구
2811,(주)옵티멈,송파구
2812,아이디얼바디(IDEAL BODY),송파구
2813,서세환 짐,송파구
2814,오하운 GYM,송파구
2815,Crossfit 피어스 배틀,송파구
2816,우일태권도,송파구
2817,신천점 스포애니 (주)케이디스포츠,송파구
2818,BodyCafe,송파구
2819,크로스핏거여 앤 탑스포츠클럽,송파구
2820,커브스오금클럽,송파구
2821,문정2호점 스포애니 (주)케이디스포츠,송파구
2822,스카이 휘트니스,송파구
2823,피트니스비엠,송파구
2824,커브스가락클럽,송파구
2825,카인드짐,송파구
2826,바디웍,송파구
2827,NC 휘트니스,송파구
2828,(주)잠실투엑스휘트니스,송파구
2829,Anytime Fitness,송파구
2830,제이에이치 피티짐 앤 필라테스(JH PTgym & Pilates),송파구
2831,와이낫짐,송파구
2832,팀크레모아,송파구
2833,피지컬액티브,송파구
2834,Body Atelier,송파구
2835,피지컬액티브짐,송파구
2836,로그짐 방이점,송파구
2837,바디랩그룹트레이닝&PT,송파구
2838,필짐,송파구
2839,리핏바디짐 삼전점,송파구
2840,리부트짐(Reboot gym),송파구
2841,BTY GYM,송파구
2842,스케일짐,송파구
2843,Hell's GYM,송파구
2844,리키PT STUDIO,송파구
2845,허니짐 김성권 P.T,송파구
2846,테라피티,송파구
2847,카이로 바른 척추교정,송파구
2848,PT클럽,송파구
2849,Teddy Fitness,송파구
2850,제이핏 피티 앤 필라테스,송파구
2851,효 GYM,송파구
2852,아머피티샵,송파구
2853,트레이닝 메이트,송파구
2854,F45 트레이닝 잠실,송파구
2855,씨케이짐(C.K GYM),송파구
2856,피지컬 액티브짐(3호점),송파구
2857,피트니스 신,송파구
2858,매직바디짐,송파구
2859,크로스핏하운드,송파구
2860,피티찬스,송파구
2861,제이에이치 PT,송파구
2862,929 P.T studio,송파구
2863,AR휘트니스,송파구
2864,머슬 하우스,송파구
2865,뽀종월드,송파구
2866,(주) 더랩스휘트니스 석촌고분,송파구
2867,세렌디PT&Pilates,송파구
2868,바디 매니지먼트,송파구
2869,THE JUNG FIT,송파구
2870,하이 피트니스,송파구
2871,헬리오 GYM,송파구
2872,나홀로짐에,송파구
2873,팀에이치오씨,송파구
2874,어나더 필라테스 라운지,송파구
2875,허니짐 P.T,송파구
2876,에임트레이닝랩 부티크 스튜디오,송파구
2877,행복한휘트니스,송파구
2878,효 GYM 3호점,송파구
2879,엠알티핏 잠실점,송파구
2880,V therapy 안티에이징센터,송파구
2881,로그짐 올림픽공원점,송파구
2882,라곰 트레이닝,송파구
2883,지금부터 핏,송파구
2884,락 바디짐,송파구
2885,로그짐 잠실역점,송파구
2886,휘트니스 플레이스(Fitness Place),송파구
2887,코드엠 트레이닝,송파구
2888,애니타임피트니스 송파동점,송파구
2889,에스바디짐,송파구
2890,어썸핏,송파구
2891,테라피티,송파구
2892,밸류짐,송파구
2893,스파인랩,송파구
2894,피크닉짐,송파구
2895,머스트무브짐 PT&Pilates 잠실새내 4호점,송파구
2896,테디피트니스 방이점,송파구
2897,로하핏 스튜디오,송파구
2898,문정법조타운점 스포애니 (주)케이디스포츠,송파구
2899,GREEN DAY GYM,송파구
2900,로그짐 잠실나루점,송파구
2901,PT스튜디오 건강한 사람들,송파구
2902,플랜비휘트니스,송파구
2903,헬스보이짐 잠실점,송파구
2904,스포니스 잠실새내점,송파구
2905,리핏바디짐,송파구
2906,연세헬스,강동구
2907,스포애니 천호초교점,강동구
2908,슬림앤스트롱 강동점,강동구
2909,바디온,강동구
2910,바른 체형분석운동센터,강동구
2911,김현진153GYM,강동구
2912,선물같은시간,강동구
2913,미미피티,강동구
2914,UC PT&YOGA,강동구
2915,TEAMK 퍼스널트레이닝,강동구
2916,로드스타 휘트니스,강동구
2917,드림팩토리 Gym,강동구
2918,에이블짐 길동역점,강동구
2919,운동하는날 암사점,강동구
2920,우리동네PT샵,강남구
2921,밀리언짐,강동구
2922,파크짐 한양대점,성동구
2923,주식회사 테라피티 명일점,강동구
2924,스포애니 명일역점,강동구
2925,콤마짐,강동구
2926,PT1987,강동구
2927,디 에이펙스(THE APEX),강동구
2928,투짐(TWO GYM),강동구
2929,피트니스온 둔촌점,강동구
2930,리빌드 바디,강동구
2931,피니쉬 짐,강동구
2932,스포애니 굽은다리점,강동구
2933,컨베이지,강동구
2934,P.E.M Korea,강동구
2935,VIP짐,강동구
2936,TRUE-A(트루에이),강동구
2937,JYGym,강동구
2938,(주) 어센트 스포츠,강동구
2939,테라피티 천호,강동구
2940,둔촌동역점 스포애니 주)케이디스포츠,강동구
2941,J Class Gym,강동구
2942,더 스탠다드 짐,강동구
2943,업투 상일동역점,강동구
2944,드림핏퍼스널트레이닝센터,강동구
2945,Change Your Body (체인지 유어 바디),강동구
2946,놀힘,강동구
2947,해부학적 운동 성내5호점,강동구
2948,Your PT (유어피티),강동구
2949,크로스핏 강동,강동구
2950,비나이더PT&필라,강동구
2951,썸바디 휘트니스,강동구
2952,업투 선사역점,강동구
2953,노블레스클럽,강동구
2954,Fitness Classic,강동구
2955,강동점 스포애니 주)케이디스포츠,강동구
2956,홍'S PT,강동구
2957,New body PT gym,강동구
2958,운동센터+1℃,강동구
2959,S휘트니스,강동구
2960,카인드짐 24시 휘트니스 잠실점,송파구
2961,휘트니스J,강동구
2962,제스트짐,강동구
2963,스포힐 휘트니스,강동구
2964,턴업휘트니스,강동구
2965,고고 휘트니스,강동구
2966,휘트니스베이 24시 천호점,강동구
2967,(주)바디채널 길동역점,강동구
2968,M PT GYM,강동구
2969,탑 헬스클럽,강동구
2970,올댓컨디셔닝,강동구
2971,비나이더 둔촌동역점,강동구
2972,선린남여헬스클럽,강동구
2973,나우휘트니스,강동구
2974,한국시각장애인복지재단고덕사회체육센타,강동구
2975,파인짐,강동구
2976,커브스 천호클럽,강동구
2977,에이앤 프리햅(AN PREHAB),강동구
2978,KCA트레이닝센터,강동구
2979,YoungSan Personal Training Center,강서구
2980,삼성 피트니스 그레이,강동구
2981,MY GYM,강동구
2982,스타트라인,강동구
2983,웰니스프리미엄클럽(AR_지종득),강동구
2984,위너바디,강동구
2985,MJ fitness,강동구
2986,와이키키휘트니스,강동구
2987,크로스핏 지케이,강동구
2988,차선생 body factory,강동구
2989,짱휘트니스,강동구
2990,주식회사 더랩스피트니스 강동구청점,강동구
2991,스포애니 길동역점,강동구
2992,에이블짐 암사역점,강동구
2993,스타헬스,강동구
2994,엘리트짐,강동구
2995,암사점 스포애니 (주)케이디스포츠,강동구
2996,휘트니스 존,강동구
2997,커브스 둔촌클럽,강동구
2998,카인드 짐,강동구
2999,HUTZ,성동구
3000,펄스짐,강동구
3001,타워토탈 휘트니스,강동구
3002,머슬킹 둔촌점,강동구
3003,커브스 길동클럽,강동구
3004,이노베이션,강동구
3005,고고 피트니스(암사),강동구
3006,바디퓨처 PT GYM,강동구
3007,에이블짐 천호역점,강동구
3008,REFLEX(리플렉스),송파구
3009,GOTO 화곡점,강서구
3010,찬스짐 PT,성동구
3011,리핏바디짐 방이점,송파구
3012,유어무브,영등포구
3013,나베트인바디(NAVETTE IN BODY),마포구
3014,김사부짐,강서구
3015,밸류온피트니스,강남구
3016,아이케이 헬스케어,영등포구
3017,컨피던스휘트니스,은평구
3018,유얼짐,서초구
3019,올인원짐,성북구
3020,멸치탈출연구소,강남구
3021,비나이더 구로점,구로구
3022,무브 360,송파구
3023,PK GYM,구로구
3024,피트니스파이브,서초구
3025,고위드 피트니스,강동구
3026,리뉴얼짐,은평구
3027,(주)앤트홀딩스/앤트짐(ANT GYM),강남구
3028,토니바디PT 용마점,중랑구
3029,더짐(THE GYM),마포구
3030,THE GYM,마포구
3031,브레인피트니스,구로구
3032,머슬비치짐,강동구
3033,보리스짐 교대,서초구
3034,시티짐 금천점,금천구
3035,파크짐,성동구
3036,에이치짐&필라여대,동대문구
3037,유코치의 바디스토리PT,중랑구
3038,슈퍼바디짐,강남구
3039,(주)벤골프,영등포구
3040,올웨이즈짐,강서구
3041,번 휘트니스,강북구
3042,HELIO GYM,중랑구
3043,KIMCOACH,관악구
3044,스위치 P.T,성동구
3045,피트니즈 천호점,강동구
3046,파크짐,성동구
3047,셀리핏,동대문구
3048,해가든 필라테스,강북구
3049,크로스핏 강남 반포,서초구
3050,카노(KANO),강남구
3051,킹스짐,서대문구
3052,라인짐,강북구
3053,워크어게인 재활헬스케어센터,금천구
3054,타잔짐,종로구
3055,우림헬스클럽,영등포구
3056,에이원 휘트니스,도봉구
3057,first-step Gym,관악구
3058,에이치짐,동대문구
3059,목동 홍크짐 헬스＆PT 오목교점,양천구
3060,피티스테이션,은평구
3061,바디라인,노원구
3062,㈜세종 피트니스 센터(도도한 다짐),강동구
3063,프로닉(PRONIC),송파구
3064,SOMA FIT-IN,강동구
3065,서울시티크루,강남구
3066,움직임플러스 청담,강남구
3067,시티짐 금호역점,성동구
3068,바른자세 Pt짐,서초구
3069,피티바이패스,송파구
3070,딜라이트짐,은평구
3071,바디브레인 트레이닝센터,은평구
3072,피트니스 써밋,은평구
3073,프로마인드짐 PT & 태닝 녹번점,은평구
3074,RAPHA Fit,은평구
3075,플랜짐,은평구
3076,엠브이피짐,은평구
3077,멋GYM플러스,은평구
3078,더블업트레이닝,은평구
3079,피티디데이,은평구
3080,PT.Dream,은평구
3081,에이치모션,은평구
3082,지니짐 헬스,은평구
3083,굿바디퍼스널트레이닝,은평구
3084,체대입시FA,은평구
3085,발리휘트니스,은평구
3086,고릴라멀티짐,은평구
3087,D-GYM,영등포구
3088,쇼골프 가양점,강서구
3089,Red휘트니스,은평구
3090,랠리포인트 짐,도봉구
3091,애니바디캔 크로스핏(403),강남구
3092,프리짐 휘트니스,송파구
3093,코엑스짐 군자역점,광진구
3094,비엠더프라이빗공덕역점,마포구
3095,H피트니스 발산역점,강서구
3096,호짐,강남구
3097,브이업짐 우장산점,강서구
3098,바디샵필라테스PT,양천구
3099,우아짐,강서구
3100,쿠타짐 동대문,동대문구
3101,몸을짓다PT,양천구
3102,스포벡 휘트니스 회기역점,동대문구
3103,우리짐 청담점,강남구
3104,비나이더 상계점,노원구
3105,해빗 트레이닝,영등포구
3106,더짐혼 2호점,관악구
3107,비엠 더 프라이빗 구로디지털점,구로구
3108,로얄짐 2호점,마포구
3109,쇠마을휘트니스,마포구
3110,굿타임 PT,성동구
3111,윈썸핏,도봉구
3112,비엠더프라이빗 등촌역점,양천구
3113,비엠더프라이빗 목동역점,양천구
3114,영앤짐,양천구
3115,라피끄피트니스온 천호역점,강동구
3116,위고(WIGO),영등포구
3117,온스바디,송파구
3118,지니핏 피티짐,구로구
3119,슈퍼스타 휘트니스,종로구
3120,PTMASTER FEEL(피티마스터 필),구로구
3121,YY헬스센타,노원구
3122,더 어반 핏,강동구
3123,정피트니스(2호점),관악구
3124,THE VALUE(더 벨류),영등포구
3125,원핏,송파구
3126,커브스 미아클럽,강북구
3127,바디스짐 언주역점,강남구
3128,빌리브 피티 스튜디오,강서구
3129,스타칼리 휘트니스,송파구
3130,차선생바디팩토리 시즌2,강동구
3131,피트니즈 문정점,송파구
3132,루나짐,강서구
3133,고투 시청점,중구
3134,제이원 휘트니스,강남구
3135,도넛 PT 스튜디오,강남구
3136,IXU 웰니스 짐,구로구
3137,파인드짐,강서구
3138,P&P(피앤피),영등포구
3139,드래곤짐,강남구
3140,헬스보이짐앤필라걸 당산역점,영등포구
3141,와프그룹PT,마포구
3142,군인공제회관 헬스장(241),강남구
3143,고투 수서점,강남구
3144,헬스보이짐 앤 필라걸 서울시청점,중구
3145,바디가드 짐,관악구
3146,원픽,강서구
3147,터치앤고 트레이닝 스튜디오,구로구
3148,Zerone Gym,강남구
3149,엠브이엠 앤 루해빗 여성전용 피트니스 수서역점,강남구
3150,아미코스 피트니스,송파구
3151,STAY GYM,구로구
3152,필짐,노원구
3153,텐세그리티,용산구
3154,마이티핏,강남구
3155,시그니쳐 GYM,중구
3156,빌리버짐 석촌헬리오시티점,송파구
3157,피티스튜디오 건강한 사람들,송파구
3158,원트핏,은평구
3159,아이앤지 짐,강서구
3160,라이프스포츠,양천구
3161,에이블짐 용두역점,동대문구
3162,파크짐,성동구
3163,PeTer Gym Studio,양천구
3164,오늘의 피티(PT),강동구
3165,웰씨짐,강남구
3166,초이스짐,광진구
3167,엠크루짐 중곡점,광진구
3168,유니버설 피트니스,성북구
3169,엘리트짐 길동점,강동구
3170,크로스핏 타키온,강남구
3171,파프짐 개포,강남구
3172,주식회사 글로리어스,서초구
3173,원팀월드,노원구
3174,이루어짐 구의점,광진구
3175,본투윈 스포츠,강남구
3176,(주)업짐,마포구
3177,바른몸 PT STUDIO,성동구
3178,관리의 기술 PT 약수점,중구
3179,데일리 피트니스&필라테스,송파구
3180,팀원짐,강서구
3181,빅브로짐 휘트니스 응암점,은평구
3182,스타칼리 휘트니스,은평구
3183,비타짐(VITAGYM),마포구
3184,사당역점 스포애니 주)케이디헬스케어,관악구
3185,로얄짐 1호점,마포구
3186,주식회사 영자피트니스 서초,서초구
3187,짐퍼스트 동작점,동작구
3188,BEEFIT STUDIO,서초구
3189,스타트짐,강서구
3190,크로스핏 쿠타짐 영등포,영등포구
3191,크로스핏 긱스,영등포구
3192,짐구석,송파구
3193,와이짐(Y GYM),강남구
3194,운동해야짐,관악구
3195,워너비,서초구
3196,다이어트모드 휘트니스,강북구
3197,(주)바디스타,중구
3198,(주)파크짐,중구
3199,S바디케어프라이빗짐,중구
3200,바디어필,성북구
3201,에이치 짐,성북구
3202,레디포짐,강북구
3203,피트니스팩토리24,강북구
3204,Jfit,강북구
3205,제이짐,강북구
3206,빌리버짐,도봉구
3207,더 짐(The Gym),서대문구
3208,스퀘어짐,서대문구
3209,스타칼리 휘트니스,서대문구
3210,247휘트니스 엔 필라테스,서대문구
3211,SU FITNESS,서대문구
3212,커브스 아현클럽,서대문구
3213,클라우드 짐,서대문구
3214,박스짐,서대문구
3215,M-BASE,서대문구
3216,하이핏,서대문구
3217,에버핏,구로구
3218,바키GYM,구로구
3219,크로스핏 잭팟,구로구
3220,엠스트레이닝,구로구
3221,무브짐,영등포구
3222,힙업공장,영등포구
3223,팀닥터,영등포구
3224,블루스톤 스포츠,동작구
3225,레몬필라테스,서초구
3226,하우스필라테스,서초구
3227,얼라인 프라이빗 짐,송파구
3228,이루어GYM 서초점,서초구
3229,제이짐(Jgym),서초구
3230,제이주드,서초구
3231,진핏 PT 스튜디오,서초구
3232,국가대표 소유창 휘트니스,서초구
3233,나눔케어 피트니스,서초구
3234,참깨체육관 by 짐마일로,서초구
3235,PREMIUM 가온태권GYM(481),강남구
3236,팀제이티,강남구
3237,싸다휘트니스,강남구
3238,저스트핏대치점(483),강남구
3239,(주)건강과 땀 휘트니스,강남구
3240,FLY GYM 플라이짐,강남구
3241,알엑스메소드(375),강남구
3242,탐 프라이빗짐 잠실점,송파구
3243,파크하비오휘트니스&골프,송파구
3244,Elite training center,송파구
3245,(주) 위메이드핏 문정법조타운점,송파구
3246,풍납 헬스,송파구
3247,테디짐PT,서초구
3248,국제프레야스포츠,중구
3249,라이온스헬스클럽,중구
3250,엠.티.엠 휘트니스클럽,중구
3251,중앙신협휘트니스클럽,중구
3252,휴레스트웰빙클럽,중구
3253,2002헬스타운,중구
3254,벗 명보헬스클럽,중구
3255,뉴)월드스포랜드,중구
3256,서울YWCA 스포츠센터,중구
3257,프로헬스크럽,중구
3258,새로나휘트니스,중구
3259,한신헬스클럽,중구
3260,디자인휘트니스,중구
3261,명동사우나헬스,중구
3262,Aja sporex,중구
3263,우리헬스,중구
3264,맨하탄휘트니스,중구
3265,헬스GXPT스피닝,중구
3266,(주)이아스피스 명동센터,중구
3267,주식회사 제이엠비홀딩스,중구
3268,PGA스포렉스,중구
3269,스포짐,중구
3270,Banyan Tree Club&SPA Seoul Fitness club,중구
3271,88헬스클럽,중구
3272,엘리트짐,중구
3273,웰리스휘트니스,중구
3274,을지 휘트니스,중구
3275,위더스헬스클럽,중구
3276,현대헬스,중구
3277,골드짐,중구
3278,라이프 헬스 클럽,중구
3279,장교 휘트니스 센터,중구
3280,타라휘트니스클럽,중구
3281,골드스포츠,중구
3282,남문헬스클럽,중구
3283,동남헬스클럽,중구
3284,바비엥 휘트니스클럽,중구
3285,팜 휘트니스,중구
3286,메사 휘트니스 케어&골프,중구
3287,FRASER PLACE,중구
3288,장충헬스클럽,중구
3289,올포원 휘트니스,중구
3290,손기정문화체육센터,중구
3291,제일헬스,중구
3292,왕성체육관,중구
3293,삼일,중구
3294,매일온천,중구
3295,(주)타워호텔,중구
3296,경성헬스클럽,중구
3297,신당헬스클럽,중구
3298,웰리스,중구
3299,스포츠클리닉밸런스,광진구
3300,테크노휘트니스클럽,광진구
3301,월드스포츠센터,광진구
3302,서울헬스,광진구
3303,금호스포츠센터,노원구
3304,동양바디.짐,은평구
3305,비컴스 피트니스,양천구
3306,에어 스포렉스,영등포구
3307,영헬스,영등포구
3308,(주)동진카운티스포츠센터,영등포구
3309,금성헬스,서초구
3310,트리짐,서초구
